,Entry,PLOT,Full_sample,Check,Sample_ID,replication,Day1Germ,Day2Germ,Day3Germ,Day4Germ,Day5Germ,kernels_remaining,Mold_kern,Cooler,note,Year,Location,Timepoint,PM_at_plating,Experiment
2,Check 1-Flavia,11001,Full,C,1,2,0,8,17,2,5,3,NA,,,2020,Snyder,1,5,Winter DH Germination
1,Check 1-Flavia,11001,Full,C,1,1,0,9,6,6,4,5,NA,,,2020,Snyder,1,5,Winter DH Germination
3,BS611-2,11007,Full,B,2,1,0,5,13,5,6,1,NA,,,2020,Snyder,1,5,Winter DH Germination
4,BS611-2,11007,Full,B,2,2,0,3,12,7,1,8,NA,,,2020,Snyder,1,5,Winter DH Germination
5,BS611-3,11008,Full,B,3,1,0,1,8,3,10,13,NA,,,2020,Snyder,1,5,Winter DH Germination
6,BS611-3,11008,Full,B,3,2,0,1,2,6,6,16,NA,,,2020,Snyder,1,5,Winter DH Germination
7,BS611-4,11009,Full,B,4,1,0,2,4,3,4,17,NA,,,2020,Snyder,1,5,Winter DH Germination
8,BS611-4,11009,Full,B,4,2,0,1,5,4,6,14,NA,,,2020,Snyder,1,5,Winter DH Germination
10,BS613-6,11011,Full,B,5,2,0,1,2,3,4,20,NA,,,2020,Snyder,1,5,Winter DH Germination
9,BS613-6,11011,Full,B,5,1,0,0,0,7,8,15,NA,,,2020,Snyder,1,5,Winter DH Germination
11,BS613-7,11012,Full,B,6,1,0,1,2,8,8,11,NA,,,2020,Snyder,1,5,Winter DH Germination
12,BS613-7,11012,Full,B,6,2,0,0,1,9,9,12,NA,,,2020,Snyder,1,5,Winter DH Germination
14,BS613-8,11013,Full,B,7,2,10,14,5,0,0,1,NA,,,2020,Snyder,1,5,Winter DH Germination
13,BS613-8,11013,Full,B,7,1,6,15,7,2,0,1,NA,,,2020,Snyder,1,5,Winter DH Germination
15,BS613-10,11015,Full,B,9,1,0,2,9,7,7,6,NA,,,2020,Snyder,1,5,Winter DH Germination
16,BS613-10,11015,Full,B,9,2,0,4,9,8,5,4,NA,,,2020,Snyder,1,5,Winter DH Germination
17,BS613-11,11016,Full,B,10,1,2,10,4,3,3,8,5,,,2020,Snyder,1,5,Winter DH Germination
18,BS613-11,11016,Full,B,10,2,2,9,7,5,3,4,NA,,,2020,Snyder,1,5,Winter DH Germination
20,BS613-12,11017,Full,B,11,2,0,3,2,3,4,18,NA,,,2020,Snyder,1,5,Winter DH Germination
19,BS613-12,11017,Full,B,11,1,0,1,2,8,8,12,NA,,,2020,Snyder,1,5,Winter DH Germination
22,BS613-13,11018,Full,B,12,2,3,18,5,1,2,1,1,,,2020,Snyder,1,5,Winter DH Germination
21,BS613-13,11018,Full,B,12,1,0,11,15,2,2,1,1,,,2020,Snyder,1,5,Winter DH Germination
23,BS613-15,11020,Full,B,14,1,0,4,7,2,5,9,2,,,2020,Snyder,1,5,Winter DH Germination
24,BS613-15,11020,Full,B,14,2,0,1,18,2,3,6,2,,,2020,Snyder,1,5,Winter DH Germination
25,BS613-16,11021,Full,B,15,1,4,16,6,2,0,2,NA,,,2020,Snyder,1,5,Winter DH Germination
26,BS613-16,11021,Full,B,15,2,4,15,6,2,1,1,NA,,,2020,Snyder,1,5,Winter DH Germination
27,BS613-21,11026,Full,B,17,1,0,0,4,10,8,8,NA,,,2020,Snyder,1,5,Winter DH Germination
28,BS613-21,11026,Full,B,17,2,0,0,4,11,7,8,NA,,,2020,Snyder,1,5,Winter DH Germination
30,BS614-23,11028,Full,B,18,2,1,9,10,3,1,6,2,,,2020,Snyder,1,5,Winter DH Germination
29,BS614-23,11028,Full,B,18,1,2,10,11,3,2,2,NA,,,2020,Snyder,1,5,Winter DH Germination
32,BS614-26,11031,Full,B,20,2,0,0,4,4,2,20,NA,,,2020,Snyder,1,5,Winter DH Germination
31,BS614-26,11031,Full,B,20,1,0,1,4,6,9,15,NA,,,2020,Snyder,1,5,Winter DH Germination
34,BS614-29,11034,Full,B,22,2,0,1,6,6,6,11,NA,,,2020,Snyder,1,5,Winter DH Germination
33,BS614-29,11034,Full,B,22,1,0,0,6,8,9,7,NA,,,2020,Snyder,1,5,Winter DH Germination
35,BS614-31,11036,Full,B,24,1,0,9,9,2,4,6,NA,,,2020,Snyder,1,5,Winter DH Germination
36,BS614-31,11036,Full,B,24,2,0,8,9,4,2,7,1,,,2020,Snyder,1,5,Winter DH Germination
37,BS614-32,11037,Full,B,25,1,0,3,5,3,5,15,NA,,,2020,Snyder,1,5,Winter DH Germination
38,BS614-32,11037,Full,B,25,2,0,3,2,4,5,16,1,,,2020,Snyder,1,5,Winter DH Germination
39,BS614-34,11039,Full,B,27,1,0,0,6,2,9,13,NA,,,2020,Snyder,1,5,Winter DH Germination
40,BS614-34,11039,Full,B,27,2,0,2,0,7,2,19,NA,,,2020,Snyder,1,5,Winter DH Germination
42,BS614-36,11041,Full,B,28,2,0,4,11,2,2,11,2,,,2020,Snyder,1,5,Winter DH Germination
41,BS614-36,11041,Full,B,28,1,0,1,9,7,5,8,2,,,2020,Snyder,1,5,Winter DH Germination
44,BS614-37,11042,Full,B,29,2,0,2,4,5,12,7,2,,,2020,Snyder,1,5,Winter DH Germination
43,BS614-37,11042,Full,B,29,1,1,1,6,7,3,12,4,,,2020,Snyder,1,5,Winter DH Germination
46,BS614-38,11043,Full,B,30,2,0,4,11,4,3,8,1,,,2020,Snyder,1,5,Winter DH Germination
45,BS614-38,11043,Full,B,30,1,0,7,8,5,2,8,2,,,2020,Snyder,1,5,Winter DH Germination
48,BS614-39,11044,Full,B,31,2,0,2,4,3,5,16,4,,,2020,Snyder,1,5,Winter DH Germination
47,BS614-39,11044,Full,B,31,1,0,0,5,4,7,14,5,,,2020,Snyder,1,5,Winter DH Germination
49,BS614-40,11045,Full,B,32,1,0,0,8,7,6,9,1,,,2020,Snyder,1,5,Winter DH Germination
50,BS614-40,11045,Full,B,32,2,0,1,7,9,4,9,NA,,,2020,Snyder,1,5,Winter DH Germination
51,BS615-41,11046,Full,B,33,1,0,1,5,4,9,11,NA,,,2020,Snyder,1,5,Winter DH Germination
52,BS615-41,11046,Full,B,33,2,0,0,7,6,8,9,NA,,,2020,Snyder,1,5,Winter DH Germination
54,BS615-42,11047,Full,B,34,2,0,3,15,5,4,3,NA,,,2020,Snyder,1,5,Winter DH Germination
53,BS615-42,11047,Full,B,34,1,0,2,9,6,10,3,NA,,,2020,Snyder,1,5,Winter DH Germination
55,Check 6-Charles,11050,Full,C,37,1,23,7,0,0,0,0,NA,,,2020,Snyder,1,5,Winter DH Germination
56,Check 6-Charles,11050,Full,C,37,2,17,13,0,0,0,0,NA,,,2020,Snyder,1,5,Winter DH Germination
57,BS615-46,11053,Full,B,39,1,1,8,9,3,4,5,1,,,2020,Snyder,1,5,Winter DH Germination
58,BS615-46,11053,Full,B,39,2,0,4,10,6,5,5,NA,,,2020,Snyder,1,5,Winter DH Germination
59,BS615-48,11055,Full,B,40,1,1,10,9,2,2,6,NA,,,2020,Snyder,1,5,Winter DH Germination
60,BS615-48,11055,Full,B,40,2,1,10,6,5,4,4,NA,,,2020,Snyder,1,5,Winter DH Germination
62,BS615-49,11056,Full,B,41,2,0,6,9,5,4,6,NA,,,2020,Snyder,1,5,Winter DH Germination
61,BS615-49,11056,Full,B,41,1,0,6,11,7,1,5,1,,,2020,Snyder,1,5,Winter DH Germination
63,BS615-51,11058,Full,B,43,1,0,0,0,3,11,16,NA,,,2020,Snyder,1,5,Winter DH Germination
64,BS615-51,11058,Full,B,43,2,0,0,0,4,8,18,NA,,,2020,Snyder,1,5,Winter DH Germination
65,BS615-53,11060,Full,B,45,1,1,4,16,5,1,4,1,,,2020,Snyder,1,5,Winter DH Germination
66,BS615-53,11060,Full,B,45,2,0,6,12,5,3,4,NA,,,2020,Snyder,1,5,Winter DH Germination
68,BS615-55,11062,Full,B,47,2,1,7,11,10,2,4,4,,,2020,Snyder,1,5,Winter DH Germination
67,BS615-55,11062,Full,B,47,1,0,5,12,10,0,4,NA,,,2020,Snyder,1,5,Winter DH Germination
70,BS616-58,11065,Full,B,50,2,0,3,11,5,8,3,1,,,2020,Snyder,1,5,Winter DH Germination
69,BS616-58,11065,Full,B,50,1,0,2,5,8,11,4,1,,,2020,Snyder,1,5,Winter DH Germination
72,BS616-62,11069,Full,B,54,2,0,0,5,3,15,12,NA,,,2020,Snyder,1,5,Winter DH Germination
71,BS616-62,11069,Full,B,54,1,0,0,3,6,13,8,NA,,,2020,Snyder,1,5,Winter DH Germination
73,BS616-64,11071,Full,B,56,1,0,4,2,4,6,14,NA,,,2020,Snyder,1,5,Winter DH Germination
74,BS616-64,11071,Full,B,56,2,0,3,3,9,8,7,NA,,,2020,Snyder,1,5,Winter DH Germination
75,BS616-66,11073,Full,B,57,1,0,1,5,2,5,17,NA,,,2020,Snyder,1,5,Winter DH Germination
76,BS616-66,11073,Full,B,57,2,0,0,1,3,5,21,NA,,,2020,Snyder,1,5,Winter DH Germination
77,BS616-68,11075,Full,B,59,1,0,0,8,7,3,13,1,,,2020,Snyder,1,5,Winter DH Germination
78,BS616-68,11075,Full,B,59,2,0,0,6,8,5,11,NA,,,2020,Snyder,1,5,Winter DH Germination
79,BS616-69,11076,Full,B,60,1,0,11,15,2,1,1,NA,,,2020,Snyder,1,5,Winter DH Germination
80,BS616-69,11076,Full,B,60,2,1,17,7,3,2,0,NA,,,2020,Snyder,1,5,Winter DH Germination
82,BS616-71,11078,Full,B,62,2,0,0,6,3,5,16,NA,,,2020,Snyder,1,5,Winter DH Germination
81,BS616-71,11078,Full,B,62,1,0,2,4,7,4,13,NA,,,2020,Snyder,1,5,Winter DH Germination
83,BS616-74,11081,Full,B,65,1,0,1,5,6,9,9,NA,,,2020,Snyder,1,5,Winter DH Germination
84,BS616-74,11081,Full,B,65,2,0,0,4,13,9,4,NA,,,2020,Snyder,1,5,Winter DH Germination
85,BS616-75,11082,Full,B,66,1,0,2,2,2,5,19,2,,,2020,Snyder,1,5,Winter DH Germination
86,BS616-75,11082,Full,B,66,2,0,0,4,2,13,11,NA,,,2020,Snyder,1,5,Winter DH Germination
88,BS616-79,11086,Full,B,68,2,0,0,6,5,6,12,NA,,,2020,Snyder,1,5,Winter DH Germination
87,BS616-79,11086,Full,B,68,1,0,2,9,6,6,7,NA,,,2020,Snyder,1,5,Winter DH Germination
89,BS710-2,11088,Full,B,69,1,0,6,14,6,2,2,NA,,,2020,Snyder,1,5,Winter DH Germination
90,BS710-2,11088,Full,B,69,2,0,12,7,8,4,0,NA,,,2020,Snyder,1,5,Winter DH Germination
91,BS710-7,11093,Full,B,70,1,0,5,9,6,4,6,NA,,,2020,Snyder,1,5,Winter DH Germination
92,BS710-7,11093,Full,B,70,2,0,4,10,6,7,3,NA,,,2020,Snyder,1,5,Winter DH Germination
93,BS710-8,11094,Full,B,71,1,0,8,9,3,9,6,NA,,,2020,Snyder,1,5,Winter DH Germination
94,BS710-8,11094,Full,B,71,2,1,7,4,3,3,13,NA,,,2020,Snyder,1,5,Winter DH Germination
96,BS710-9,11095,Full,B,72,2,6,14,3,2,1,4,NA,,,2020,Snyder,1,5,Winter DH Germination
95,BS710-9,11095,Full,B,72,1,3,11,5,3,3,5,NA,,,2020,Snyder,1,5,Winter DH Germination
98,Check 1-Flavia,11100,Full,C,74,2,0,12,11,4,1,2,NA,,,2020,Snyder,1,5,Winter DH Germination
97,Check 1-Flavia,11100,Full,C,74,1,1,12,6,5,4,2,NA,,,2020,Snyder,1,5,Winter DH Germination
100,BS710-21,11112,Full,B,75,2,0,0,0,3,3,24,NA,,,2020,Snyder,1,5,Winter DH Germination
99,BS710-21,11112,Full,B,75,1,0,1,1,4,6,18,NA,,,2020,Snyder,1,5,Winter DH Germination
101,BS710-23,11114,Full,B,76,1,0,0,4,1,6,23,NA,,,2020,Snyder,1,5,Winter DH Germination
102,BS710-23,11114,Full,B,76,2,0,0,3,2,5,19,NA,,,2020,Snyder,1,5,Winter DH Germination
103,BS710-27,11118,Full,B,77,1,0,0,1,2,9,23,NA,,,2020,Snyder,1,5,Winter DH Germination
104,BS710-27,11118,Full,B,77,2,0,0,1,2,3,23,NA,,,2020,Snyder,1,5,Winter DH Germination
106,BS710-30,11121,Full,B,79,2,0,2,9,7,5,7,1,,,2020,Snyder,1,5,Winter DH Germination
105,BS710-30,11121,Full,B,79,1,0,3,8,7,5,7,NA,,,2020,Snyder,1,5,Winter DH Germination
108,BS710-33,11124,Full,B,82,2,1,3,2,4,7,12,NA,,,2020,Snyder,1,5,Winter DH Germination
107,BS710-33,11124,Full,B,82,1,1,1,3,13,10,7,NA,,,2020,Snyder,1,5,Winter DH Germination
110,BS710-41,11132,Full,B,86,2,0,0,2,2,8,18,NA,,,2020,Snyder,1,5,Winter DH Germination
109,BS710-41,11132,Full,B,86,1,0,0,1,3,5,21,NA,,,2020,Snyder,1,5,Winter DH Germination
111,BS710-46,11137,Full,B,90,1,0,1,10,10,3,5,NA,,,2020,Snyder,1,5,Winter DH Germination
112,BS710-46,11137,Full,B,90,2,0,6,8,10,2,4,NA,,,2020,Snyder,1,5,Winter DH Germination
114,BS710-48,11139,Full,B,92,2,0,0,0,2,10,18,NA,,,2020,Snyder,1,5,Winter DH Germination
113,BS710-48,11139,Full,B,92,1,0,0,1,5,11,13,NA,,,2020,Snyder,1,5,Winter DH Germination
115,BS710-50,11141,Full,B,94,1,1,11,9,2,4,3,NA,,,2020,Snyder,1,5,Winter DH Germination
116,BS710-50,11141,Full,B,94,2,1,11,7,6,3,2,NA,,,2020,Snyder,1,5,Winter DH Germination
118,BS710-57,11148,Full,B,99,2,0,7,14,4,1,4,NA,,,2020,Snyder,1,5,Winter DH Germination
117,BS710-57,11148,Full,B,99,1,0,6,14,7,1,3,NA,,,2020,Snyder,1,5,Winter DH Germination
119,BS710-58,11149,Full,B,100,1,0,0,6,5,6,13,NA,,,2020,Snyder,1,5,Winter DH Germination
120,BS710-58,11149,Full,B,100,2,0,0,5,6,4,15,NA,,,2020,Snyder,1,5,Winter DH Germination
121,Check 6-Charles,11150,Full,C,101,1,20,10,0,0,0,0,NA,,,2020,Snyder,1,5,Winter DH Germination
122,Check 6-Charles,11150,Full,C,101,2,22,8,0,0,0,0,NA,,,2020,Snyder,1,5,Winter DH Germination
123,BS710-64,11157,Full,B,106,1,0,0,0,0,3,27,NA,,,2020,Snyder,1,5,Winter DH Germination
124,BS710-64,11157,Full,B,106,2,0,0,2,0,5,23,NA,,,2020,Snyder,1,5,Winter DH Germination
126,BS710-66,11159,Full,B,107,2,5,11,3,3,1,2,NA,,,2020,Snyder,1,5,Winter DH Germination
125,BS710-66,11159,Full,B,107,1,6,8,11,5,0,0,NA,,,2020,Snyder,1,5,Winter DH Germination
128,BS712-68,11161,Full,B,109,2,0,8,12,4,3,2,NA,,,2020,Snyder,1,5,Winter DH Germination
127,BS712-68,11161,Full,B,109,1,0,11,5,7,3,3,NA,,,2020,Snyder,1,5,Winter DH Germination
130,BS712-69,11162,Full,B,110,2,0,0,1,5,11,14,NA,,,2020,Snyder,1,5,Winter DH Germination
129,BS712-69,11162,Full,B,110,1,0,0,1,7,6,16,NA,,,2020,Snyder,1,5,Winter DH Germination
132,BS712-70,11163,Full,B,111,2,0,1,0,0,2,27,NA,,,2020,Snyder,1,5,Winter DH Germination
131,BS712-70,11163,Full,B,111,1,0,0,1,1,5,23,NA,,,2020,Snyder,1,5,Winter DH Germination
133,BS712-74,11167,Full,B,114,1,1,7,10,5,2,5,NA,,,2020,Snyder,1,5,Winter DH Germination
134,BS712-74,11167,Full,B,114,2,0,2,11,7,8,2,1,,,2020,Snyder,1,5,Winter DH Germination
135,BS713-75,11168,Full,B,115,1,0,0,4,5,4,15,NA,,,2020,Snyder,1,5,Winter DH Germination
136,BS713-75,11168,Full,B,115,2,0,0,3,8,9,10,NA,,,2020,Snyder,1,5,Winter DH Germination
137,BS713-78,11171,Full,B,116,1,0,13,9,3,2,3,NA,,,2020,Snyder,1,5,Winter DH Germination
138,BS713-78,11171,Full,B,116,2,0,14,10,3,3,0,NA,,,2020,Snyder,1,5,Winter DH Germination
140,BS713-84,11177,Full,B,121,2,0,0,1,2,11,15,NA,,,2020,Snyder,1,5,Winter DH Germination
139,BS713-84,11177,Full,B,121,1,0,0,2,8,5,15,NA,,,2020,Snyder,1,5,Winter DH Germination
141,BS713-90,11183,Full,B,124,1,0,0,9,6,5,8,NA,,,2020,Snyder,1,5,Winter DH Germination
142,BS713-90,11183,Full,B,124,2,0,0,5,6,12,7,NA,,,2020,Snyder,1,5,Winter DH Germination
144,BS713-91,11184,Full,B,125,2,0,5,4,5,5,11,NA,,,2020,Snyder,1,5,Winter DH Germination
143,BS713-91,11184,Full,B,125,1,0,0,2,9,9,10,NA,,,2020,Snyder,1,5,Winter DH Germination
145,BS713-93,11186,Full,B,127,1,0,0,2,9,8,12,NA,,,2020,Snyder,1,5,Winter DH Germination
146,BS713-93,11186,Full,B,127,2,0,1,6,11,7,5,NA,,,2020,Snyder,1,5,Winter DH Germination
147,BS713-95,11188,Full,B,129,1,0,0,0,1,4,25,NA,,,2020,Snyder,1,5,Winter DH Germination
148,BS713-95,11188,Full,B,129,2,0,0,0,1,5,24,NA,,,2020,Snyder,1,5,Winter DH Germination
149,BS713-96,11189,Full,B,130,1,0,0,1,7,11,11,NA,,,2020,Snyder,1,5,Winter DH Germination
150,BS713-96,11189,Full,B,130,2,0,0,1,7,9,13,NA,,,2020,Snyder,1,5,Winter DH Germination
152,BS713-98,11191,Full,B,132,2,0,4,10,6,2,7,NA,,,2020,Snyder,1,5,Winter DH Germination
151,BS713-98,11191,Full,B,132,1,0,3,9,7,10,1,NA,,,2020,Snyder,1,5,Winter DH Germination
154,BS713-102,11195,Full,B,135,2,0,0,1,1,4,24,NA,,,2020,Snyder,1,5,Winter DH Germination
153,BS713-102,11195,Full,B,135,1,0,0,1,4,3,22,NA,,,2020,Snyder,1,5,Winter DH Germination
155,BS713-104,11197,Full,B,136,1,0,0,4,10,5,9,NA,,,2020,Snyder,1,5,Winter DH Germination
156,BS713-104,11197,Full,B,136,2,0,0,2,14,6,8,NA,,,2020,Snyder,1,5,Winter DH Germination
157,BS713-106,11199,Full,B,137,1,0,1,4,5,5,14,NA,,,2020,Snyder,1,5,Winter DH Germination
158,BS713-106,11199,Full,B,137,2,0,1,4,6,5,13,NA,,,2020,Snyder,1,5,Winter DH Germination
159,Check 1-Flavia,11200,Full,C,138,1,0,11,12,1,1,5,NA,,,2020,Snyder,1,5,Winter DH Germination
160,Check 1-Flavia,11200,Full,C,138,2,1,2,9,4,5,4,NA,,,2020,Snyder,1,5,Winter DH Germination
162,Check 3-DH130911,11202,Full,C,139,2,0,0,2,4,10,14,1,,,2020,Snyder,1,5,Winter DH Germination
161,Check 3-DH130910,11202,Full,C,139,1,0,0,2,4,5,14,NA,,,2020,Snyder,1,5,Winter DH Germination
163,BS713-108,11206,Full,B,140,1,0,4,4,4,10,8,NA,,,2020,Snyder,1,5,Winter DH Germination
164,BS713-108,11206,Full,B,140,2,0,5,7,8,4,6,NA,,,2020,Snyder,1,5,Winter DH Germination
165,BS713-109,11207,Full,B,141,1,0,0,0,3,10,17,NA,,,2020,Snyder,1,5,Winter DH Germination
166,BS713-109,11207,Full,B,141,2,0,0,1,4,14,12,NA,,,2020,Snyder,1,5,Winter DH Germination
167,BS713-110,11208,Full,B,142,1,0,2,5,6,8,9,NA,,,2020,Snyder,1,5,Winter DH Germination
168,BS713-110,11208,Full,B,142,2,0,3,2,7,10,8,NA,,,2020,Snyder,1,5,Winter DH Germination
170,BS713-112,11210,Full,B,143,2,0,0,2,2,12,14,NA,,,2020,Snyder,1,5,Winter DH Germination
169,BS713-112,11210,Full,B,143,1,0,0,5,3,5,16,NA,,,2020,Snyder,1,5,Winter DH Germination
171,BS713-113,11211,Full,B,144,1,0,0,3,1,9,17,NA,,,2020,Snyder,1,5,Winter DH Germination
172,BS713-113,11211,Full,B,144,2,0,0,5,4,8,13,NA,,,2020,Snyder,1,5,Winter DH Germination
174,BS714-123,11221,Full,B,146,2,0,0,0,0,0,30,NA,,,2020,Snyder,1,5,Winter DH Germination
173,BS714-123,11221,Full,B,146,1,0,0,0,1,4,25,NA,,,2020,Snyder,1,5,Winter DH Germination
176,BS714-124,11222,Full,B,147,2,0,1,6,3,5,15,NA,,,2020,Snyder,1,5,Winter DH Germination
175,BS714-124,11222,Full,B,147,1,0,1,2,5,5,16,NA,,,2020,Snyder,1,5,Winter DH Germination
178,BS714-125,11223,Full,B,148,2,0,0,3,1,5,21,NA,,,2020,Snyder,1,5,Winter DH Germination
177,BS714-125,11223,Full,B,148,1,0,0,2,2,7,19,NA,,,2020,Snyder,1,5,Winter DH Germination
179,BS714-128,11226,Full,B,150,1,0,3,2,5,4,21,NA,,,2020,Snyder,1,5,Winter DH Germination
180,BS714-128,11226,Full,B,150,2,0,0,3,7,4,21,NA,,,2020,Snyder,1,5,Winter DH Germination
181,BS715-136,11234,Full,B,153,1,0,0,1,6,6,17,NA,,,2020,Snyder,1,5,Winter DH Germination
182,BS715-136,11234,Full,B,153,2,0,0,1,6,7,16,NA,,,2020,Snyder,1,5,Winter DH Germination
183,BS715-139,11237,Full,B,156,1,0,2,5,8,4,11,NA,,,2020,Snyder,1,5,Winter DH Germination
184,BS715-139,11237,Full,B,156,2,0,2,6,9,6,7,NA,,,2020,Snyder,1,5,Winter DH Germination
185,BS715-140,11238,Full,B,157,1,0,4,16,5,2,3,NA,,,2020,Snyder,1,5,Winter DH Germination
186,BS715-140,11238,Full,B,157,2,0,7,12,11,0,0,NA,,,2020,Snyder,1,5,Winter DH Germination
187,BS715-142,11240,Full,B,158,1,0,0,0,8,5,17,NA,,,2020,Snyder,1,5,Winter DH Germination
188,BS715-142,11240,Full,B,158,2,0,0,2,9,2,17,NA,,,2020,Snyder,1,5,Winter DH Germination
190,BS715-144,11242,Full,B,160,2,13,6,4,2,0,5,NA,,,2020,Snyder,1,5,Winter DH Germination
189,BS715-144,11242,Full,B,160,1,3,12,4,4,1,6,NA,,,2020,Snyder,1,5,Winter DH Germination
192,BS807-1,11244,Full,B,162,2,0,0,1,1,5,23,NA,,,2020,Snyder,1,5,Winter DH Germination
191,BS807-1,11244,Full,B,162,1,0,0,0,2,6,22,NA,,,2020,Snyder,1,5,Winter DH Germination
194,BS807-3,11246,Full,B,164,2,0,0,2,4,6,20,NA,,,2020,Snyder,1,5,Winter DH Germination
193,BS807-3,11246,Full,B,164,1,0,0,2,6,9,13,NA,,,2020,Snyder,1,5,Winter DH Germination
195,Check 6-Charles,11250,Full,C,167,1,14,16,0,0,0,0,NA,,,2020,Snyder,1,5,Winter DH Germination
196,Check 6-Charles,11250,Full,C,167,2,14,16,0,0,0,0,NA,,,2020,Snyder,1,5,Winter DH Germination
198,BS810-7,11252,Full,B,168,2,0,0,3,9,8,10,NA,,,2020,Snyder,1,5,Winter DH Germination
197,BS810-7,11252,Full,B,168,1,0,0,5,14,3,8,NA,,,2020,Snyder,1,5,Winter DH Germination
199,BS810-16,11261,Full,B,173,1,0,0,1,7,11,11,NA,,,2020,Snyder,1,5,Winter DH Germination
200,BS810-16,11261,Full,B,173,2,0,0,2,15,6,7,NA,,,2020,Snyder,1,5,Winter DH Germination
201,BS811-19,11264,Full,B,176,1,0,0,1,3,9,17,NA,,,2020,Snyder,1,5,Winter DH Germination
202,BS811-19,11264,Full,B,176,2,0,0,0,8,9,13,NA,,,2020,Snyder,1,5,Winter DH Germination
204,BS811-24,11269,Full,B,181,2,0,0,6,16,4,4,NA,,,2020,Snyder,1,5,Winter DH Germination
203,BS811-24,11269,Full,B,181,1,0,0,4,18,6,2,NA,,,2020,Snyder,1,5,Winter DH Germination
206,BS811-25,11270,Full,B,182,2,0,0,0,4,11,15,NA,,,2020,Snyder,1,5,Winter DH Germination
205,BS811-25,11270,Full,B,182,1,0,0,0,5,6,14,NA,,,2020,Snyder,1,5,Winter DH Germination
208,BS811-26,11271,Full,B,183,2,1,7,7,4,4,7,NA,,,2020,Snyder,1,5,Winter DH Germination
207,BS811-26,11271,Full,B,183,1,0,8,5,8,4,5,NA,,,2020,Snyder,1,5,Winter DH Germination
209,BS811-32,11277,Full,B,189,1,0,1,0,2,9,18,NA,,,2020,Snyder,1,5,Winter DH Germination
210,BS811-32,11277,Full,B,189,2,0,0,1,2,1,26,NA,,,2020,Snyder,1,5,Winter DH Germination
211,BS811-36,11281,Full,B,192,1,0,0,2,5,7,16,NA,,,2020,Snyder,1,5,Winter DH Germination
212,BS811-36,11281,Full,B,192,2,0,0,2,8,10,10,NA,,,2020,Snyder,1,5,Winter DH Germination
213,BS811-39,11284,Full,B,195,1,0,0,7,11,9,3,NA,,,2020,Snyder,1,5,Winter DH Germination
214,BS811-39,11284,Full,B,195,2,0,3,4,12,8,3,NA,,,2020,Snyder,1,5,Winter DH Germination
215,BS811-40,11285,Full,B,196,1,0,2,6,7,7,8,NA,,,2020,Snyder,1,5,Winter DH Germination
216,BS811-40,11285,Full,B,196,2,0,0,9,9,7,5,NA,,,2020,Snyder,1,5,Winter DH Germination
217,BS811-42,11287,Full,B,198,1,0,0,2,2,8,18,NA,,,2020,Snyder,1,5,Winter DH Germination
218,BS811-42,11287,Full,B,198,2,0,0,0,2,5,23,NA,,,2020,Snyder,1,5,Winter DH Germination
219,BS811-43,11288,Full,B,199,1,0,0,1,1,5,23,NA,,,2020,Snyder,1,5,Winter DH Germination
220,BS811-43,11288,Full,B,199,2,0,0,1,3,3,23,NA,,,2020,Snyder,1,5,Winter DH Germination
221,BS812-45,11290,Full,B,201,1,0,14,8,3,4,1,NA,,,2020,Snyder,1,5,Winter DH Germination
222,BS812-45,11290,Full,B,201,2,0,7,13,7,2,0,NA,,,2020,Snyder,1,5,Winter DH Germination
223,BS812-46,11291,Full,B,202,1,0,1,3,12,10,4,NA,,,2020,Snyder,1,5,Winter DH Germination
224,BS812-46,11291,Full,B,202,2,0,2,3,12,10,3,NA,,,2020,Snyder,1,5,Winter DH Germination
225,BS812-47,11292,Full,B,203,1,0,0,0,1,16,13,NA,,,2020,Snyder,1,5,Winter DH Germination
226,BS812-47,11292,Full,B,203,2,0,0,1,4,8,17,NA,,,2020,Snyder,1,5,Winter DH Germination
228,BS812-48,11293,Full,B,204,2,0,0,0,3,3,24,NA,,,2020,Snyder,1,5,Winter DH Germination
227,BS812-48,11293,Full,B,204,1,0,0,2,6,6,16,NA,,,2020,Snyder,1,5,Winter DH Germination
229,BS812-49,11294,Full,B,205,1,4,16,7,1,1,1,NA,,,2020,Snyder,1,5,Winter DH Germination
230,BS812-49,11294,Full,B,205,2,11,10,5,3,0,1,NA,,,2020,Snyder,1,5,Winter DH Germination
231,BS812-52,11297,Full,B,207,1,0,0,1,7,9,13,NA,,,2020,Snyder,1,5,Winter DH Germination
232,BS812-52,11297,Full,B,207,2,0,0,2,8,6,14,NA,,,2020,Snyder,1,5,Winter DH Germination
233,BS812-54,11299,Full,B,209,1,0,0,3,7,7,13,NA,,,2020,Snyder,1,5,Winter DH Germination
234,BS812-54,11299,Full,B,209,2,0,1,3,15,7,4,NA,,,2020,Snyder,1,5,Winter DH Germination
235,Check 1-Flavia,11300,Full,B,210,1,1,10,13,2,2,2,NA,,,2020,Snyder,1,5,Winter DH Germination
236,Check 1-Flavia,11300,Full,B,210,2,1,7,12,4,1,5,NA,,,2020,Snyder,1,5,Winter DH Germination
238,Check 3-DH130913,11302,Full,C,211,2,0,2,6,6,6,10,NA,,,2020,Snyder,1,5,Winter DH Germination
237,Check 3-DH130912,11302,Full,C,211,1,0,0,2,12,6,10,NA,,,2020,Snyder,1,5,Winter DH Germination
239,BS812-57,11307,Full,B,214,1,0,0,0,5,13,12,NA,,,2020,Snyder,1,5,Winter DH Germination
240,BS812-57,11307,Full,B,214,2,0,0,0,5,7,18,NA,,,2020,Snyder,1,5,Winter DH Germination
242,BS812-59,11309,Full,B,216,2,0,6,8,9,6,1,NA,,,2020,Snyder,1,5,Winter DH Germination
241,BS812-59,11309,Full,B,216,1,1,5,9,14,1,0,NA,,,2020,Snyder,1,5,Winter DH Germination
244,BS812-61,11311,Full,B,218,2,0,2,3,10,11,4,NA,,,2020,Snyder,1,5,Winter DH Germination
243,BS812-61,11311,Full,B,218,1,0,2,4,11,6,7,NA,,,2020,Snyder,1,5,Winter DH Germination
245,BS812-63,11313,Full,B,220,1,0,0,0,3,14,13,NA,,,2020,Snyder,1,5,Winter DH Germination
246,BS812-63,11313,Full,B,220,2,0,0,0,4,11,15,NA,,,2020,Snyder,1,5,Winter DH Germination
247,BS812-65,11315,Full,B,221,1,0,0,0,1,3,26,NA,,,2020,Snyder,1,5,Winter DH Germination
248,BS812-65,11315,Full,B,221,2,0,0,1,2,5,22,NA,,,2020,Snyder,1,5,Winter DH Germination
249,BS812-66,11316,Full,B,222,1,0,1,1,2,4,23,NA,,,2020,Snyder,1,5,Winter DH Germination
250,BS812-66,11316,Full,B,222,2,0,0,2,5,7,16,NA,,,2020,Snyder,1,5,Winter DH Germination
251,BS812-67,11317,Full,B,223,1,0,0,0,2,6,23,NA,,,2020,Snyder,1,5,Winter DH Germination
252,BS812-67,11317,Full,B,223,2,0,0,0,3,9,19,NA,,,2020,Snyder,1,5,Winter DH Germination
253,BS812-68,11318,Full,B,224,1,0,0,4,6,4,16,NA,,,2020,Snyder,1,5,Winter DH Germination
254,BS812-68,11318,Full,B,224,2,0,0,2,7,6,10,NA,,,2020,Snyder,1,5,Winter DH Germination
255,BS812-69,11319,Full,B,225,1,0,0,0,6,11,13,NA,,,2020,Snyder,1,5,Winter DH Germination
256,BS812-69,11319,Full,B,225,2,0,0,1,10,8,11,NA,,,2020,Snyder,1,5,Winter DH Germination
258,BS812-70,11320,Full,B,226,2,0,0,1,1,5,23,NA,,,2020,Snyder,1,5,Winter DH Germination
257,BS812-70,11320,Full,B,226,1,0,0,1,3,7,19,NA,,,2020,Snyder,1,5,Winter DH Germination
260,BS812-71,11321,Full,B,227,2,0,0,1,3,12,14,NA,,,2020,Snyder,1,5,Winter DH Germination
259,BS812-71,11321,Full,B,227,1,0,0,4,8,6,11,NA,,,2020,Snyder,1,5,Winter DH Germination
262,BS812-73,11323,Full,B,229,2,0,2,9,8,5,5,NA,,,2020,Snyder,1,5,Winter DH Germination
261,BS812-73,11323,Full,B,229,1,0,4,8,9,6,3,NA,,,2020,Snyder,1,5,Winter DH Germination
264,BS812-76,11326,Full,B,230,2,2,2,1,7,7,11,NA,,,2020,Snyder,1,5,Winter DH Germination
263,BS812-76,11326,Full,B,230,1,0,4,2,10,7,7,NA,,,2020,Snyder,1,5,Winter DH Germination
266,BS812-77,11327,Full,B,231,2,0,4,6,6,3,11,NA,,,2020,Snyder,1,5,Winter DH Germination
265,BS812-77,11327,Full,B,231,1,0,0,8,11,8,3,NA,,,2020,Snyder,1,5,Winter DH Germination
268,BS812-79,11329,Full,B,232,2,0,0,0,0,1,29,NA,,,2020,Snyder,1,5,Winter DH Germination
267,BS812-79,11329,Full,B,232,1,9,0,0,1,1,28,NA,,,2020,Snyder,1,5,Winter DH Germination
270,BS812-80,11330,Full,B,233,2,1,19,8,1,0,1,NA,,,2020,Snyder,1,5,Winter DH Germination
269,BS812-80,11330,Full,B,233,1,2,14,9,4,1,0,NA,,,2020,Snyder,1,5,Winter DH Germination
272,BS813-86,11336,Full,B,236,2,0,10,8,5,2,4,NA,,,2020,Snyder,1,5,Winter DH Germination
271,BS813-86,11336,Full,B,236,1,3,6,10,7,3,1,NA,,,2020,Snyder,1,5,Winter DH Germination
273,BS813-88,11338,Full,B,238,1,0,2,2,6,7,13,NA,,,2020,Snyder,1,5,Winter DH Germination
274,BS813-88,11338,Full,B,238,2,0,0,5,6,5,14,NA,,,2020,Snyder,1,5,Winter DH Germination
276,BS813-90,11340,Full,B,239,2,0,0,4,7,12,7,NA,,,2020,Snyder,1,5,Winter DH Germination
275,BS813-90,11340,Full,B,239,1,0,1,3,12,6,8,NA,,,2020,Snyder,1,5,Winter DH Germination
277,BS813-91,11341,Full,B,240,1,1,4,10,9,3,3,NA,,,2020,Snyder,1,5,Winter DH Germination
278,BS813-91,11341,Full,B,240,2,0,3,13,11,3,0,NA,,,2020,Snyder,1,5,Winter DH Germination
279,BS813-94,11344,Full,B,243,1,0,0,0,0,3,27,NA,,,2020,Snyder,1,5,Winter DH Germination
280,BS813-94,11344,Full,B,243,2,0,0,0,0,3,27,NA,,,2020,Snyder,1,5,Winter DH Germination
282,BS813-95,11345,Full,B,244,2,0,0,4,4,2,20,NA,,,2020,Snyder,1,5,Winter DH Germination
281,BS813-95,11345,Full,B,244,1,0,0,1,7,6,16,NA,,,2020,Snyder,1,5,Winter DH Germination
283,BS813-99,11349,Full,B,248,1,0,0,0,4,10,16,NA,,,2020,Snyder,1,5,Winter DH Germination
284,BS813-99,11349,Full,B,248,2,0,0,1,6,8,15,NA,,,2020,Snyder,1,5,Winter DH Germination
285,Check 6-Charles,11350,Full,C,249,1,7,12,2,4,4,1,NA,,,2020,Snyder,1,5,Winter DH Germination
286,Check 6-Charles,11350,Full,C,249,2,10,5,4,4,4,3,NA,,,2020,Snyder,1,5,Winter DH Germination
288,BS813-100,11352,Full,B,250,2,0,0,1,9,9,11,NA,,,2020,Snyder,1,5,Winter DH Germination
287,BS813-100,11352,Full,B,250,1,0,0,2,11,8,9,NA,,,2020,Snyder,1,5,Winter DH Germination
289,BS813-101,11353,Full,B,251,1,0,0,4,7,14,5,NA,,,2020,Snyder,1,5,Winter DH Germination
290,BS813-101,11353,Full,B,251,2,0,0,3,13,9,5,NA,,,2020,Snyder,1,5,Winter DH Germination
291,BS813-103,11355,Full,B,253,1,0,0,1,1,5,23,NA,,,2020,Snyder,1,5,Winter DH Germination
292,BS813-103,11355,Full,B,253,2,0,0,1,1,4,24,NA,,,2020,Snyder,1,5,Winter DH Germination
293,BS813-107,11359,Full,B,255,1,0,17,9,1,1,2,NA,,,2020,Snyder,1,5,Winter DH Germination
294,BS813-107,11359,Full,B,255,2,0,12,10,6,1,0,NA,,,2020,Snyder,1,5,Winter DH Germination
295,BS813-110,11362,Full,B,258,1,0,1,0,0,4,25,NA,,,2020,Snyder,1,5,Winter DH Germination
296,BS813-110,11362,Full,B,258,2,0,0,1,2,6,21,NA,,,2020,Snyder,1,5,Winter DH Germination
298,BS813-111,11363,Full,B,259,2,0,0,4,5,11,10,NA,,,2020,Snyder,1,5,Winter DH Germination
297,BS813-111,11363,Full,B,259,1,0,0,5,9,10,6,NA,,,2020,Snyder,1,5,Winter DH Germination
299,BS813-113,11365,Full,B,261,1,4,7,8,1,2,8,NA,,,2020,Snyder,1,5,Winter DH Germination
300,BS813-113,11365,Full,B,261,2,2,14,5,2,1,6,NA,,,2020,Snyder,1,5,Winter DH Germination
301,BS813-115,11367,Full,B,262,1,0,2,5,4,6,13,NA,,,2020,Snyder,1,5,Winter DH Germination
302,BS813-115,11367,Full,B,262,2,0,0,5,5,9,11,NA,,,2020,Snyder,1,5,Winter DH Germination
303,BS813-118,11370,Full,B,265,1,0,0,4,10,10,6,NA,,,2020,Snyder,1,5,Winter DH Germination
304,BS813-118,11370,Full,B,265,2,0,0,5,10,11,5,NA,,,2020,Snyder,1,5,Winter DH Germination
306,BS814-120,11372,Full,B,267,2,0,0,1,5,13,11,NA,,,2020,Snyder,1,5,Winter DH Germination
305,BS814-120,11372,Full,B,267,1,0,0,1,7,11,11,NA,,,2020,Snyder,1,5,Winter DH Germination
307,BS814-121,11373,Full,B,268,1,0,0,3,4,3,20,NA,,,2020,Snyder,1,5,Winter DH Germination
308,BS814-121,11373,Full,B,268,2,0,0,1,11,10,8,NA,,,2020,Snyder,1,5,Winter DH Germination
310,BS814-126,11378,Full,B,273,2,0,0,3,4,4,19,NA,,,2020,Snyder,1,5,Winter DH Germination
309,BS814-126,11378,Full,B,273,1,0,0,3,7,11,9,NA,,,2020,Snyder,1,5,Winter DH Germination
311,BS814-127,11379,Full,B,274,1,0,11,12,1,3,3,NA,,,2020,Snyder,1,5,Winter DH Germination
312,BS814-127,11379,Full,B,274,2,1,8,11,7,3,0,NA,,,2020,Snyder,1,5,Winter DH Germination
313,BS814-130,11382,Full,B,276,1,0,6,12,5,4,4,NA,,,2020,Snyder,1,5,Winter DH Germination
314,BS814-130,11382,Full,B,276,2,0,8,13,5,2,2,NA,,,2020,Snyder,1,5,Winter DH Germination
316,BS814-132,11384,Full,B,278,2,0,1,3,7,6,13,NA,,,2020,Snyder,1,5,Winter DH Germination
315,BS814-132,11384,Full,B,278,1,0,0,3,10,7,10,NA,,,2020,Snyder,1,5,Winter DH Germination
317,BS814-135,11387,Full,B,281,1,1,10,13,4,0,2,NA,,,2020,Snyder,1,5,Winter DH Germination
318,BS814-135,11387,Full,B,281,2,0,3,21,4,2,0,NA,,,2020,Snyder,1,5,Winter DH Germination
319,BS814-138,11390,Full,B,284,1,0,2,14,5,2,7,NA,,,2020,Snyder,1,5,Winter DH Germination
320,BS814-138,11390,Full,B,284,2,1,10,8,5,4,2,NA,,,2020,Snyder,1,5,Winter DH Germination
321,BS814-139,11391,Full,B,285,1,0,0,3,9,11,7,NA,,,2020,Snyder,1,5,Winter DH Germination
322,BS814-139,11391,Full,B,285,2,0,0,2,14,8,6,NA,,,2020,Snyder,1,5,Winter DH Germination
323,BS814-140,11392,Full,B,286,1,0,0,2,4,2,22,NA,,,2020,Snyder,1,5,Winter DH Germination
324,BS814-140,11392,Full,B,286,2,0,0,2,4,4,20,NA,,,2020,Snyder,1,5,Winter DH Germination
326,BS906-7,11399,Full,B,292,2,0,0,1,11,10,8,NA,,,2020,Snyder,1,5,Winter DH Germination
325,BS906-7,11399,Full,B,292,1,0,0,2,15,7,6,NA,,,2020,Snyder,1,5,Winter DH Germination
327,Check 1-Flavia,11400,Full,B,293,1,0,12,14,2,1,1,NA,,,2020,Snyder,1,5,Winter DH Germination
328,Check 1-Flavia,11400,Full,B,293,2,0,11,12,3,2,2,NA,,,2020,Snyder,1,5,Winter DH Germination
329,Check 2-Scala,11401,Full,C,294,1,1,7,15,6,1,0,NA,,,2020,Snyder,1,5,Winter DH Germination
330,Check 2-Scala,11401,Full,C,294,2,0,4,13,10,3,0,NA,,,2020,Snyder,1,5,Winter DH Germination
331,Check 3-DH130914,11402,Full,C,295,1,0,0,4,8,9,9,NA,,,2020,Snyder,1,5,Winter DH Germination
332,Check 3-DH130915,11402,Full,C,295,2,0,0,3,12,7,8,NA,,,2020,Snyder,1,5,Winter DH Germination
334,Check 4-SY Tepee,11403,Full,C,296,2,5,11,8,1,3,2,NA,,,2020,Snyder,1,5,Winter DH Germination
333,Check 4-SY Tepee,11403,Full,C,296,1,2,9,8,6,3,2,NA,,,2020,Snyder,1,5,Winter DH Germination
335,Check 5-Wintmalt,11404,Full,C,297,1,NA,NA,NA,NA,NA,NA,NA,,,2020,Snyder,1,5,Winter DH Germination
336,Check 5-Wintmalt,11404,Full,C,297,2,NA,NA,NA,NA,NA,NA,NA,,,2020,Snyder,1,5,Winter DH Germination
337,BS906-9,11406,Full,B,299,1,0,1,4,8,6,11,NA,,,2020,Snyder,1,5,Winter DH Germination
338,BS906-9,11406,Full,B,299,2,0,0,5,9,4,12,NA,,,2020,Snyder,1,5,Winter DH Germination
340,BS906-10,11407,Full,B,300,2,0,2,11,4,10,9,NA,,,2020,Snyder,1,5,Winter DH Germination
339,BS906-10,11407,Full,B,300,1,0,0,3,8,7,6,NA,,,2020,Snyder,1,5,Winter DH Germination
341,BS908-12,11409,Full,B,302,1,0,14,12,2,0,2,NA,,,2020,Snyder,1,5,Winter DH Germination
342,BS908-12,11409,Full,B,302,2,0,10,14,3,0,2,NA,,,2020,Snyder,1,5,Winter DH Germination
344,BS908-13,11410,Full,B,303,2,0,0,2,10,11,7,NA,,,2020,Snyder,1,5,Winter DH Germination
343,BS908-13,11410,Full,B,303,1,0,0,1,12,10,7,NA,,,2020,Snyder,1,5,Winter DH Germination
345,BS908-14,11411,Full,B,304,1,0,0,1,10,10,9,NA,,,2020,Snyder,1,5,Winter DH Germination
346,BS908-14,11411,Full,B,304,2,0,0,2,10,15,4,NA,,,2020,Snyder,1,5,Winter DH Germination
348,BS908-16,11413,Full,B,306,2,1,1,8,3,8,9,NA,,,2020,Snyder,1,5,Winter DH Germination
347,BS908-16,11413,Full,B,306,1,1,1,12,5,2,9,NA,,,2020,Snyder,1,5,Winter DH Germination
349,BS908-20,11417,Full,B,309,1,2,11,12,4,1,1,NA,,,2020,Snyder,1,5,Winter DH Germination
350,BS908-20,11417,Full,B,309,2,0,5,16,7,0,2,NA,,,2020,Snyder,1,5,Winter DH Germination
352,BS908-22,11419,Full,B,311,2,0,2,9,8,8,3,NA,,,2020,Snyder,1,5,Winter DH Germination
351,BS908-22,11419,Full,B,311,1,0,1,6,12,9,2,NA,,,2020,Snyder,1,5,Winter DH Germination
353,BS908-25,11422,Full,B,314,1,0,11,15,0,0,4,NA,,,2020,Snyder,1,5,Winter DH Germination
354,BS908-25,11422,Full,B,314,2,0,8,17,3,1,1,NA,,,2020,Snyder,1,5,Winter DH Germination
355,BS908-26,11423,Full,B,315,1,0,0,4,4,9,13,NA,,,2020,Snyder,1,5,Winter DH Germination
356,BS908-26,11423,Full,B,315,2,0,1,4,8,5,12,NA,,,2020,Snyder,1,5,Winter DH Germination
357,BS908-29,11426,Full,B,318,1,0,6,16,7,1,0,NA,,,2020,Snyder,1,5,Winter DH Germination
358,BS908-29,11426,Full,B,318,2,0,7,13,7,0,3,NA,,,2020,Snyder,1,5,Winter DH Germination
360,BS908-30,11427,Full,B,319,2,0,0,1,7,11,11,NA,,,2020,Snyder,1,5,Winter DH Germination
359,BS908-30,11427,Full,B,319,1,0,0,1,8,9,12,NA,,,2020,Snyder,1,5,Winter DH Germination
361,BS911-35,11432,Full,B,324,1,0,0,4,3,1,2,NA,,,2020,Snyder,1,5,Winter DH Germination
362,BS911-35,11432,Full,B,324,2,0,2,5,9,4,10,NA,,SPILLED,2020,Snyder,1,5,Winter DH Germination
363,BS911-38,11435,Full,B,325,1,1,7,14,4,3,1,NA,,,2020,Snyder,1,5,Winter DH Germination
364,BS911-38,11435,Full,B,325,2,1,5,10,8,3,4,NA,,,2020,Snyder,1,5,Winter DH Germination
365,BS911-41,11438,Full,B,327,1,NA,NA,NA,NA,NA,NA,NA,,,2020,Snyder,1,5,Winter DH Germination
366,BS911-41,11438,Full,B,327,2,NA,NA,NA,NA,NA,NA,NA,,,2020,Snyder,1,5,Winter DH Germination
367,BS911-42,11439,Full,B,328,1,NA,NA,NA,NA,NA,NA,NA,,,2020,Snyder,1,5,Winter DH Germination
368,BS911-42,11439,Full,B,328,2,NA,NA,NA,NA,NA,NA,NA,,,2020,Snyder,1,5,Winter DH Germination
370,BS911-49,11446,Full,B,329,2,0,12,9,3,2,4,NA,,,2020,Snyder,1,5,Winter DH Germination
369,BS911-49,11446,Full,B,329,1,1,12,8,5,1,3,NA,,,2020,Snyder,1,5,Winter DH Germination
372,BS911-53,11452,Full,B,332,2,0,7,16,2,5,0,NA,,,2020,Snyder,1,5,Winter DH Germination
371,BS911-53,11452,Full,B,332,1,0,3,13,8,5,1,NA,,,2020,Snyder,1,5,Winter DH Germination
373,BS911-60,11459,Full,B,336,1,0,0,4,7,6,12,NA,,,2020,Snyder,1,5,Winter DH Germination
374,BS911-60,11459,Full,B,336,2,0,1,7,8,6,8,NA,,,2020,Snyder,1,5,Winter DH Germination
375,BS911-63,11462,Full,B,339,1,3,19,8,0,0,0,NA,,,2020,Snyder,1,5,Winter DH Germination
376,BS911-63,11462,Full,B,339,2,3,19,8,0,0,0,NA,,,2020,Snyder,1,5,Winter DH Germination
377,BS911-65,11464,Full,B,341,1,0,1,10,11,3,5,NA,,,2020,Snyder,1,5,Winter DH Germination
378,BS911-65,11464,Full,B,341,2,0,3,7,11,3,6,NA,,,2020,Snyder,1,5,Winter DH Germination
379,BS911-67,11466,Full,B,343,1,NA,NA,NA,NA,NA,NA,NA,,,2020,Snyder,1,5,Winter DH Germination
380,BS911-67,11466,Full,B,343,2,NA,NA,NA,NA,NA,NA,NA,,,2020,Snyder,1,5,Winter DH Germination
382,BS911-69,11468,Full,B,344,2,0,15,9,1,3,2,NA,,,2020,Snyder,1,5,Winter DH Germination
381,BS911-69,11468,Full,B,344,1,1,10,9,3,1,6,NA,,,2020,Snyder,1,5,Winter DH Germination
383,BS911-71,11470,Full,B,346,1,0,1,5,8,4,12,NA,,,2020,Snyder,1,5,Winter DH Germination
384,BS911-71,11470,Full,B,346,2,0,1,9,8,3,9,NA,,,2020,Snyder,1,5,Winter DH Germination
386,BS911-72,11471,Full,B,347,2,1,11,15,3,0,0,NA,,,2020,Snyder,1,5,Winter DH Germination
385,BS911-72,11471,Full,B,347,1,0,12,10,4,2,1,NA,,,2020,Snyder,1,5,Winter DH Germination
388,BS911-73,11472,Full,B,348,2,0,20,7,1,1,1,NA,,,2020,Snyder,1,5,Winter DH Germination
387,BS911-73,11472,Full,B,348,1,2,16,8,2,2,0,NA,,,2020,Snyder,1,5,Winter DH Germination
389,BS911-77,11476,Full,B,352,1,0,11,13,4,0,2,NA,,,2020,Snyder,1,5,Winter DH Germination
390,BS911-77,11476,Full,B,352,2,0,12,13,5,0,0,NA,,,2020,Snyder,1,5,Winter DH Germination
391,BS911-82,11481,Full,B,357,1,0,1,4,5,10,10,NA,,,2020,Snyder,1,5,Winter DH Germination
392,BS911-82,11481,Full,B,357,2,0,0,4,6,6,14,NA,,,2020,Snyder,1,5,Winter DH Germination
393,BS911-85,11484,Full,B,360,1,6,18,6,0,0,0,NA,,,2020,Snyder,1,5,Winter DH Germination
394,BS911-85,11484,Full,B,360,2,4,14,9,0,0,3,NA,,,2020,Snyder,1,5,Winter DH Germination
396,BS911-86,11485,Full,B,361,2,0,0,10,9,8,3,NA,,,2020,Snyder,1,5,Winter DH Germination
395,BS911-86,11485,Full,B,361,1,0,1,11,11,4,3,NA,,,2020,Snyder,1,5,Winter DH Germination
397,BS911-90,11489,Full,B,365,1,0,0,4,7,13,6,NA,,,2020,Snyder,1,5,Winter DH Germination
398,BS911-90,11489,Full,B,365,2,0,0,4,9,7,10,NA,,,2020,Snyder,1,5,Winter DH Germination
400,BS911-91,11490,Full,B,366,2,0,0,10,7,6,7,NA,,,2020,Snyder,1,5,Winter DH Germination
399,BS911-91,11490,Full,B,366,1,0,1,7,9,8,5,NA,,,2020,Snyder,1,5,Winter DH Germination
401,BS911-94,11493,Full,B,368,1,2,11,11,1,1,4,NA,,,2020,Snyder,1,5,Winter DH Germination
402,BS911-94,11493,Full,B,368,2,0,7,19,2,0,2,NA,,,2020,Snyder,1,5,Winter DH Germination
403,BS911-96,11495,Full,B,370,1,0,7,11,4,3,5,NA,,,2020,Snyder,1,5,Winter DH Germination
404,BS911-96,11495,Full,B,370,2,0,3,15,6,3,4,NA,,,2020,Snyder,1,5,Winter DH Germination
405,BS911-98,11497,Full,B,372,1,0,5,10,3,4,8,NA,,,2020,Snyder,1,5,Winter DH Germination
406,BS911-98,11497,Full,B,372,2,0,5,11,8,3,3,NA,,,2020,Snyder,1,5,Winter DH Germination
408,BS911-99,11498,Full,B,373,2,0,0,10,8,5,7,NA,,,2020,Snyder,1,5,Winter DH Germination
407,BS911-99,11498,Full,B,373,1,0,1,6,9,4,10,NA,,,2020,Snyder,1,5,Winter DH Germination
409,BS911-100,11499,Full,B,374,1,0,4,17,6,3,0,NA,,,2020,Snyder,1,5,Winter DH Germination
410,BS911-100,11499,Full,B,374,2,0,6,13,9,2,0,NA,,,2020,Snyder,1,5,Winter DH Germination
412,Check 1-Flavia,11500,Full,B,375,2,0,7,15,2,3,3,NA,,,2020,Snyder,1,5,Winter DH Germination
411,Check 1-Flavia,11500,Full,B,375,1,0,3,12,3,3,9,NA,,,2020,Snyder,1,5,Winter DH Germination
413,Check 2-Scala,11501,Full,C,376,1,1,4,10,7,4,4,NA,,,2020,Snyder,1,5,Winter DH Germination
414,Check 2-Scala,11501,Full,C,376,2,0,4,12,9,3,2,NA,,,2020,Snyder,1,5,Winter DH Germination
415,Check 3-DH130916,11502,Full,C,377,1,0,0,3,11,9,7,NA,,,2020,Snyder,1,5,Winter DH Germination
416,Check 3-DH130917,11502,Full,C,377,2,0,0,1,11,10,7,NA,,,2020,Snyder,1,5,Winter DH Germination
417,Check 4-SY Tepee,11503,Full,C,378,1,4,9,6,5,3,3,NA,,,2020,Snyder,1,5,Winter DH Germination
418,Check 4-SY Tepee,11503,Full,C,378,2,2,11,7,6,2,2,NA,,,2020,Snyder,1,5,Winter DH Germination
420,Check 5-Wintmalt,11504,Full,C,379,2,2,20,8,0,0,0,NA,,,2020,Snyder,1,5,Winter DH Germination
419,Check 5-Wintmalt,11504,Full,C,379,1,2,15,8,1,1,3,NA,,,2020,Snyder,1,5,Winter DH Germination
421,BS911-102,11506,Full,B,381,1,0,2,9,6,10,3,NA,,,2020,Snyder,1,5,Winter DH Germination
422,BS911-102,11506,Full,B,381,2,1,0,9,10,4,6,NA,,,2020,Snyder,1,5,Winter DH Germination
424,BS911-103,11507,Full,B,382,2,0,0,4,10,5,11,NA,,,2020,Snyder,1,5,Winter DH Germination
423,BS911-103,11507,Full,B,382,1,0,0,7,12,8,3,NA,,,2020,Snyder,1,5,Winter DH Germination
426,BS911-105,11509,Full,B,384,2,1,1,9,5,8,6,NA,,,2020,Snyder,1,5,Winter DH Germination
425,BS911-105,11509,Full,B,384,1,1,5,12,7,4,1,NA,,,2020,Snyder,1,5,Winter DH Germination
428,BS911-106,11510,Full,B,385,2,0,0,11,6,3,10,NA,,,2020,Snyder,1,5,Winter DH Germination
427,BS911-106,11510,Full,B,385,1,0,0,15,10,2,3,NA,,,2020,Snyder,1,5,Winter DH Germination
429,BS911-107,11511,Full,B,386,1,4,11,12,3,0,0,NA,,,2020,Snyder,1,5,Winter DH Germination
430,BS911-107,11511,Full,B,386,2,0,11,12,5,1,1,NA,,,2020,Snyder,1,5,Winter DH Germination
432,BS911-108,11512,Full,B,387,2,0,3,18,6,0,3,NA,,,2020,Snyder,1,5,Winter DH Germination
431,BS911-108,11512,Full,B,387,1,0,3,18,7,0,2,NA,,,2020,Snyder,1,5,Winter DH Germination
433,BS911-112,11516,Full,B,390,1,0,1,2,2,4,21,NA,,,2020,Snyder,1,5,Winter DH Germination
434,BS911-112,11516,Full,B,390,2,0,0,2,4,9,15,NA,,,2020,Snyder,1,5,Winter DH Germination
435,BS911-117,11521,Full,B,394,1,0,0,16,3,5,6,NA,,,2020,Snyder,1,5,Winter DH Germination
436,BS911-117,11521,Full,B,394,2,0,1,13,8,5,3,NA,,,2020,Snyder,1,5,Winter DH Germination
438,BS911-118,11522,Full,B,395,2,0,0,2,1,12,15,NA,,,2020,Snyder,1,5,Winter DH Germination
437,BS911-118,11522,Full,B,395,1,0,0,1,2,10,16,NA,,,2020,Snyder,1,5,Winter DH Germination
439,BS911-119,11523,Full,B,396,1,1,7,17,3,1,1,NA,,,2020,Snyder,1,5,Winter DH Germination
440,BS911-119,11523,Full,B,396,2,1,8,17,4,0,1,NA,,,2020,Snyder,1,5,Winter DH Germination
442,BS911-120,11524,Full,B,397,2,0,9,15,3,2,1,NA,,,2020,Snyder,1,5,Winter DH Germination
441,BS911-120,11524,Full,B,397,1,1,7,12,7,1,2,NA,,,2020,Snyder,1,5,Winter DH Germination
443,BS911-122,11526,Full,B,399,1,0,1,4,7,12,6,NA,,,2020,Snyder,1,5,Winter DH Germination
444,BS911-122,11526,Full,B,399,2,0,0,3,10,8,9,NA,,,2020,Snyder,1,5,Winter DH Germination
445,BS911-123,11527,Full,B,400,1,0,0,6,7,10,7,NA,,,2020,Snyder,1,5,Winter DH Germination
446,BS911-123,11527,Full,B,400,2,0,1,9,9,7,4,NA,,,2020,Snyder,1,5,Winter DH Germination
447,BS911-124,11528,Full,B,401,1,0,3,15,5,3,4,NA,,,2020,Snyder,1,5,Winter DH Germination
448,BS911-124,11528,Full,B,401,2,0,4,12,7,4,3,NA,,,2020,Snyder,1,5,Winter DH Germination
450,BS911-125,11529,Full,B,402,2,0,0,13,5,5,7,NA,,,2020,Snyder,1,5,Winter DH Germination
449,BS911-125,11529,Full,B,402,1,0,0,10,7,7,6,NA,,,2020,Snyder,1,5,Winter DH Germination
451,BS911-126,11530,Full,B,403,1,0,0,8,9,5,8,NA,,,2020,Snyder,1,5,Winter DH Germination
452,BS911-126,11530,Full,B,403,2,0,0,8,11,5,6,NA,,,2020,Snyder,1,5,Winter DH Germination
453,BS912-129,11533,Full,B,405,1,0,1,12,10,2,5,NA,,,2020,Snyder,1,5,Winter DH Germination
454,BS912-129,11533,Full,B,405,2,0,0,12,12,4,2,NA,,,2020,Snyder,1,5,Winter DH Germination
456,BS912-131,11535,Full,B,407,2,0,0,2,9,8,11,NA,,,2020,Snyder,1,5,Winter DH Germination
455,BS912-131,11535,Full,B,407,1,0,0,0,18,7,5,NA,,,2020,Snyder,1,5,Winter DH Germination
457,BS912-134,11538,Full,B,409,1,NA,NA,NA,NA,NA,NA,NA,,,2020,Snyder,1,5,Winter DH Germination
458,BS912-134,11538,Full,B,409,2,NA,NA,NA,NA,NA,NA,NA,,,2020,Snyder,1,5,Winter DH Germination
460,BS912-135,11539,Full,B,410,2,0,0,8,5,8,9,NA,,,2020,Snyder,1,5,Winter DH Germination
459,BS912-135,11539,Full,B,410,1,0,0,10,9,6,5,NA,,,2020,Snyder,1,5,Winter DH Germination
461,BS912-136,11540,Full,B,411,1,1,20,8,1,0,0,NA,,,2020,Snyder,1,5,Winter DH Germination
462,BS912-136,11540,Full,B,411,2,3,16,10,1,0,0,NA,,,2020,Snyder,1,5,Winter DH Germination
463,BS912-138,11542,Full,B,413,1,8,13,5,0,0,4,NA,,,2020,Snyder,1,5,Winter DH Germination
464,BS912-138,11542,Full,B,413,2,4,15,7,1,1,2,NA,,,2020,Snyder,1,5,Winter DH Germination
465,Check 6-Charles,11543,Full,C,414,1,26,4,0,0,0,0,NA,,,2020,Snyder,1,5,Winter DH Germination
466,Check 6-Charles,11543,Full,C,414,2,23,6,1,0,0,0,NA,,,2020,Snyder,1,5,Winter DH Germination
468,Check 1-Flavia,12001,Full,B,415,2,0,6,16,4,1,3,NA,,,2020,Ketola 5,1,5,Winter DH Germination
467,Check 1-Flavia,12001,Full,B,415,1,0,4,14,8,1,3,NA,,,2020,Ketola 5,1,5,Winter DH Germination
469,Check 2-Scala,12002,Full,C,416,1,1,18,11,0,0,0,NA,,,2020,Ketola 5,1,5,Winter DH Germination
470,Check 2-Scala,12002,Full,C,416,2,2,9,13,3,3,0,NA,,,2020,Ketola 5,1,5,Winter DH Germination
472,Check 3-DH130919,12003,Full,C,417,2,0,0,0,0,3,27,NA,,,2020,Ketola 5,1,5,Winter DH Germination
471,Check 3-DH130918,12003,Full,C,417,1,0,0,0,1,7,22,NA,,,2020,Ketola 5,1,5,Winter DH Germination
473,Check 4-SY Tepee,12004,Full,C,418,1,1,11,10,2,4,2,NA,,,2020,Ketola 5,1,5,Winter DH Germination
474,Check 4-SY Tepee,12004,Full,C,418,2,2,11,11,4,1,1,1,,,2020,Ketola 5,1,5,Winter DH Germination
475,BS611-2,12007,Full,B,420,1,0,1,10,11,5,3,NA,,,2020,Ketola 5,1,5,Winter DH Germination
476,BS611-2,12007,Full,B,420,2,0,1,11,11,3,4,NA,,,2020,Ketola 5,1,5,Winter DH Germination
477,BS611-3,12008,Full,B,421,1,0,1,5,12,8,4,NA,,,2020,Ketola 5,1,5,Winter DH Germination
478,BS611-3,12008,Full,B,421,2,0,0,10,14,4,2,NA,,,2020,Ketola 5,1,5,Winter DH Germination
480,BS611-4,12009,Full,B,422,2,0,0,0,5,12,13,NA,,,2020,Ketola 5,1,5,Winter DH Germination
479,BS611-4,12009,Full,B,422,1,0,0,0,7,7,16,NA,,,2020,Ketola 5,1,5,Winter DH Germination
481,BS613-6,12011,Full,B,423,1,0,0,0,3,15,12,NA,,,2020,Ketola 5,1,5,Winter DH Germination
482,BS613-6,12011,Full,B,423,2,0,0,0,5,15,10,NA,,,2020,Ketola 5,1,5,Winter DH Germination
484,BS613-7,12012,Full,B,424,2,0,2,4,6,7,11,2,,,2020,Ketola 5,1,5,Winter DH Germination
483,BS613-7,12012,Full,B,424,1,0,0,8,10,6,6,NA,,,2020,Ketola 5,1,5,Winter DH Germination
486,BS613-8,12013,Full,B,425,2,0,1,14,5,7,3,NA,,,2020,Ketola 5,1,5,Winter DH Germination
485,BS613-8,12013,Full,B,425,1,0,2,8,11,4,5,NA,,,2020,Ketola 5,1,5,Winter DH Germination
487,BS613-10,12015,Full,B,427,1,0,5,6,9,6,4,NA,,,2020,Ketola 5,1,5,Winter DH Germination
488,BS613-10,12015,Full,B,427,2,0,2,8,10,3,7,NA,,,2020,Ketola 5,1,5,Winter DH Germination
490,BS613-11,12016,Full,B,428,2,2,7,6,2,6,7,NA,,,2020,Ketola 5,1,5,Winter DH Germination
489,BS613-11,12016,Full,B,428,1,2,5,9,3,3,8,NA,,,2020,Ketola 5,1,5,Winter DH Germination
491,BS613-12,12017,Full,B,429,1,0,4,7,6,2,11,NA,,,2020,Ketola 5,1,5,Winter DH Germination
492,BS613-12,12017,Full,B,429,2,0,1,4,9,5,11,NA,,,2020,Ketola 5,1,5,Winter DH Germination
494,BS613-13,12018,Full,B,430,2,0,3,7,2,6,11,NA,,,2020,Ketola 5,1,5,Winter DH Germination
493,BS613-13,12018,Full,B,430,1,0,1,7,5,7,10,NA,,,2020,Ketola 5,1,5,Winter DH Germination
495,BS613-15,12020,Full,B,432,1,0,3,9,7,7,4,NA,,,2020,Ketola 5,1,5,Winter DH Germination
496,BS613-15,12020,Full,B,432,2,0,4,8,9,3,6,NA,,,2020,Ketola 5,1,5,Winter DH Germination
498,BS613-16,12021,Full,B,433,2,0,0,6,6,6,12,NA,,,2020,Ketola 5,1,5,Winter DH Germination
497,BS613-16,12021,Full,B,433,1,0,3,6,8,6,7,NA,,,2020,Ketola 5,1,5,Winter DH Germination
499,BS613-21,12026,Full,B,437,1,0,0,3,10,10,7,NA,,,2020,Ketola 5,1,5,Winter DH Germination
500,BS613-21,12026,Full,B,437,2,0,0,4,11,9,6,1,,,2020,Ketola 5,1,5,Winter DH Germination
502,BS614-23,12028,Full,B,439,2,0,17,11,2,0,0,NA,,,2020,Ketola 5,1,5,Winter DH Germination
501,BS614-23,12028,Full,B,439,1,2,10,11,5,2,0,NA,,,2020,Ketola 5,1,5,Winter DH Germination
503,BS614-26,12031,Full,B,442,1,0,0,1,2,6,21,NA,,,2020,Ketola 5,1,5,Winter DH Germination
504,BS614-26,12031,Full,B,442,2,0,0,0,3,8,19,NA,,,2020,Ketola 5,1,5,Winter DH Germination
505,BS614-29,12034,Full,B,444,1,0,0,3,6,12,9,NA,,,2020,Ketola 5,1,5,Winter DH Germination
506,BS614-29,12034,Full,B,444,2,0,1,2,15,7,5,NA,,,2020,Ketola 5,1,5,Winter DH Germination
507,BS614-31,12036,Full,B,446,1,0,3,11,9,2,5,1,,,2020,Ketola 5,1,5,Winter DH Germination
508,BS614-31,12036,Full,B,446,2,0,1,14,11,1,3,1,,,2020,Ketola 5,1,5,Winter DH Germination
510,BS614-32,12037,Full,B,447,2,0,1,5,7,8,13,NA,,,2020,Ketola 5,1,5,Winter DH Germination
509,BS614-32,12037,Full,B,447,1,0,0,5,12,8,5,NA,,,2020,Ketola 5,1,5,Winter DH Germination
511,BS614-34,12039,Full,B,449,1,0,0,2,8,11,9,NA,,,2020,Ketola 5,1,5,Winter DH Germination
512,BS614-34,12039,Full,B,449,2,0,0,6,9,8,7,NA,,,2020,Ketola 5,1,5,Winter DH Germination
514,BS614-36,12041,Full,B,450,2,0,0,5,10,8,7,NA,,,2020,Ketola 5,1,5,Winter DH Germination
513,BS614-36,12041,Full,B,450,1,0,0,4,14,8,4,NA,,,2020,Ketola 5,1,5,Winter DH Germination
515,BS614-37,12042,Full,B,451,1,0,0,5,9,9,7,NA,,,2020,Ketola 5,1,5,Winter DH Germination
516,BS614-37,12042,Full,B,451,2,0,0,2,9,7,12,NA,,,2020,Ketola 5,1,5,Winter DH Germination
517,BS614-38,12043,Full,B,452,1,0,0,4,4,7,15,NA,,,2020,Ketola 5,1,5,Winter DH Germination
518,BS614-38,12043,Full,B,452,2,0,2,7,4,4,13,NA,,,2020,Ketola 5,1,5,Winter DH Germination
519,BS614-39,12044,Full,B,453,1,0,0,0,2,11,17,NA,,,2020,Ketola 5,1,5,Winter DH Germination
520,BS614-39,12044,Full,B,453,2,0,0,0,3,9,18,NA,,,2020,Ketola 5,1,5,Winter DH Germination
521,BS614-40,12045,Full,B,454,1,0,0,3,2,4,21,NA,,,2020,Ketola 5,1,5,Winter DH Germination
522,BS614-40,12045,Full,B,454,2,0,1,3,3,5,18,NA,,,2020,Ketola 5,1,5,Winter DH Germination
523,BS615-41,12046,Full,B,455,1,0,0,3,1,10,16,NA,,,2020,Ketola 5,1,5,Winter DH Germination
524,BS615-41,12046,Full,B,455,2,0,0,1,1,10,19,NA,,,2020,Ketola 5,1,5,Winter DH Germination
526,BS615-42,12047,Full,B,456,2,0,0,6,3,8,13,NA,,,2020,Ketola 5,1,5,Winter DH Germination
525,BS615-42,12047,Full,B,456,1,0,0,4,8,10,8,NA,,,2020,Ketola 5,1,5,Winter DH Germination
528,Check 6-Charles,12050,Full,C,459,2,17,14,0,0,0,0,0,,,2020,Ketola 5,1,5,Winter DH Germination
527,Check 6-Charles,12050,Full,C,459,1,12,17,0,0,1,1,1,,,2020,Ketola 5,1,5,Winter DH Germination
529,BS615-46,12053,Full,B,461,1,0,2,4,6,11,7,NA,,,2020,Ketola 5,1,5,Winter DH Germination
530,BS615-46,12053,Full,B,461,2,0,0,5,10,8,7,NA,,,2020,Ketola 5,1,5,Winter DH Germination
531,BS615-48,12055,Full,B,462,1,0,4,9,4,8,5,NA,,,2020,Ketola 5,1,5,Winter DH Germination
532,BS615-48,12055,Full,B,462,2,0,6,7,11,2,4,NA,,,2020,Ketola 5,1,5,Winter DH Germination
533,BS615-49,12056,Full,B,463,1,0,0,1,7,11,11,NA,,,2020,Ketola 5,1,5,Winter DH Germination
534,BS615-49,12056,Full,B,463,2,0,1,5,11,6,7,NA,,,2020,Ketola 5,1,5,Winter DH Germination
535,BS615-51,12058,Full,B,465,1,0,1,1,3,3,22,NA,,,2020,Ketola 5,1,5,Winter DH Germination
536,BS615-51,12058,Full,B,465,2,0,0,2,9,4,15,NA,,,2020,Ketola 5,1,5,Winter DH Germination
538,BS615-53,12060,Full,B,467,2,0,7,14,3,3,3,NA,,,2020,Ketola 5,1,5,Winter DH Germination
537,BS615-53,12060,Full,B,467,1,0,6,14,6,1,3,NA,,,2020,Ketola 5,1,5,Winter DH Germination
539,BS615-55,12062,Full,B,469,1,0,2,7,7,4,10,NA,,,2020,Ketola 5,1,5,Winter DH Germination
540,BS615-55,12062,Full,B,469,2,0,1,6,8,4,11,NA,,,2020,Ketola 5,1,5,Winter DH Germination
541,BS616-58,12065,Full,B,472,1,0,0,6,3,8,13,NA,,,2020,Ketola 5,1,5,Winter DH Germination
542,BS616-58,12065,Full,B,472,2,0,0,3,3,2,22,NA,,,2020,Ketola 5,1,5,Winter DH Germination
543,BS616-62,12069,Full,B,476,1,0,0,15,8,2,4,2,,,2020,Ketola 5,1,5,Winter DH Germination
544,BS616-62,12069,Full,B,476,2,0,4,11,9,5,1,NA,,,2020,Ketola 5,1,5,Winter DH Germination
545,BS616-64,12071,Full,B,477,1,0,0,0,12,5,13,2,,,2020,Ketola 5,1,5,Winter DH Germination
546,BS616-64,12071,Full,B,477,2,0,0,1,15,5,9,2,,,2020,Ketola 5,1,5,Winter DH Germination
547,BS616-65,12072,Full,B,478,1,0,1,7,11,9,2,2,,,2020,Ketola 5,1,5,Winter DH Germination
548,BS616-65,12072,Full,B,478,2,0,1,10,12,6,1,1,,,2020,Ketola 5,1,5,Winter DH Germination
550,BS616-66,12073,Full,B,479,2,0,1,8,6,5,10,NA,,,2020,Ketola 5,1,5,Winter DH Germination
549,BS616-66,12073,Full,B,479,1,0,2,5,8,7,8,NA,,,2020,Ketola 5,1,5,Winter DH Germination
551,BS616-68,12075,Full,B,481,1,0,3,3,5,9,10,NA,,,2020,Ketola 5,1,5,Winter DH Germination
552,BS616-68,12075,Full,B,481,2,0,1,5,7,4,13,NA,,,2020,Ketola 5,1,5,Winter DH Germination
554,BS616-69,12076,Full,B,482,2,0,8,14,3,3,2,1,,,2020,Ketola 5,1,5,Winter DH Germination
553,BS616-69,12076,Full,B,482,1,0,13,8,7,2,0,NA,,,2020,Ketola 5,1,5,Winter DH Germination
555,BS616-71,12078,Full,B,484,1,0,0,2,2,10,16,NA,,,2020,Ketola 5,1,5,Winter DH Germination
556,BS616-71,12078,Full,B,484,2,0,0,1,2,9,18,NA,,,2020,Ketola 5,1,5,Winter DH Germination
557,BS616-74,12081,Full,B,487,1,0,1,9,12,3,5,NA,,,2020,Ketola 5,1,5,Winter DH Germination
558,BS616-74,12081,Full,B,487,2,0,0,9,14,2,5,2,,,2020,Ketola 5,1,5,Winter DH Germination
559,BS616-75,12082,Full,B,488,1,0,1,2,2,10,15,NA,,,2020,Ketola 5,1,5,Winter DH Germination
560,BS616-75,12082,Full,B,488,2,0,0,3,4,6,17,NA,,,2020,Ketola 5,1,5,Winter DH Germination
561,BS616-77,12084,Full,B,490,1,0,1,16,8,1,4,1,,,2020,Ketola 5,1,5,Winter DH Germination
562,BS616-77,12084,Full,B,490,2,0,0,13,8,4,4,NA,,,2020,Ketola 5,1,5,Winter DH Germination
564,BS616-79,12086,Full,B,492,2,0,2,3,2,14,9,NA,,,2020,Ketola 5,1,5,Winter DH Germination
563,BS616-79,12086,Full,B,492,1,0,0,6,3,9,12,NA,,,2020,Ketola 5,1,5,Winter DH Germination
566,BS710-2,12088,Full,B,494,2,0,0,12,8,7,3,NA,,,2020,Ketola 5,1,5,Winter DH Germination
565,BS710-2,12088,Full,B,494,1,0,1,9,11,5,4,NA,,,2020,Ketola 5,1,5,Winter DH Germination
568,BS710-7,12093,Full,B,497,2,0,1,8,7,7,7,NA,,,2020,Ketola 5,1,5,Winter DH Germination
567,BS710-7,12093,Full,B,497,1,0,0,3,12,12,3,NA,,,2020,Ketola 5,1,5,Winter DH Germination
569,BS710-8,12094,Full,B,498,1,0,4,10,7,6,3,NA,,,2020,Ketola 5,1,5,Winter DH Germination
570,BS710-8,12094,Full,B,498,2,0,5,14,7,2,2,NA,,,2020,Ketola 5,1,5,Winter DH Germination
571,BS710-9,12095,Full,B,499,1,2,8,12,0,0,8,5,,,2020,Ketola 5,1,5,Winter DH Germination
572,BS710-9,12095,Full,B,499,2,4,14,5,1,2,4,4,,,2020,Ketola 5,1,5,Winter DH Germination
574,Check 1-Flavia,12100,Full,B,503,2,1,10,16,1,3,0,NA,,,2020,Ketola 5,1,5,Winter DH Germination
573,Check 1-Flavia,12100,Full,B,503,1,0,10,12,6,2,0,NA,,,2020,Ketola 5,1,5,Winter DH Germination
576,Check 2-Scala,12101,Full,C,504,2,3,14,6,4,1,2,2,,,2020,Ketola 5,1,5,Winter DH Germination
575,Check 2-Scala,12101,Full,C,504,1,2,13,7,6,2,0,NA,,,2020,Ketola 5,1,5,Winter DH Germination
577,Check 3-DH130920,12102,Full,C,505,1,0,0,1,0,6,23,NA,,,2020,Ketola 5,1,5,Winter DH Germination
578,Check 3-DH130921,12102,Full,C,505,2,0,0,0,0,10,20,NA,,,2020,Ketola 5,1,5,Winter DH Germination
579,Check 4-SY Tepee,12103,Full,C,506,1,0,17,9,2,0,2,1,,,2020,Ketola 5,1,5,Winter DH Germination
580,Check 4-SY Tepee,12103,Full,C,506,2,2,21,5,2,0,0,NA,,,2020,Ketola 5,1,5,Winter DH Germination
582,BS710-15,12106,Full,B,507,2,0,0,2,1,8,18,NA,,,2020,Ketola 5,1,5,Winter DH Germination
581,BS710-15,12106,Full,B,507,1,0,0,0,2,8,20,NA,,,2020,Ketola 5,1,5,Winter DH Germination
584,BS710-21,12112,Full,B,509,2,0,0,0,3,6,20,NA,,,2020,Ketola 5,1,5,Winter DH Germination
583,BS710-21,12112,Full,B,509,1,0,0,0,4,6,20,NA,,,2020,Ketola 5,1,5,Winter DH Germination
586,BS710-23,12114,Full,B,510,2,0,0,0,2,16,12,NA,,,2020,Ketola 5,1,5,Winter DH Germination
585,BS710-23,12114,Full,B,510,1,0,0,1,7,13,9,NA,,,2020,Ketola 5,1,5,Winter DH Germination
588,BS710-27,12118,Full,B,511,2,0,0,1,5,7,17,NA,,,2020,Ketola 5,1,5,Winter DH Germination
587,BS710-27,12118,Full,B,511,1,0,1,1,6,8,14,NA,,,2020,Ketola 5,1,5,Winter DH Germination
590,BS710-30,12121,Full,B,513,2,0,12,16,0,2,0,NA,,,2020,Ketola 5,1,5,Winter DH Germination
589,BS710-30,12121,Full,B,513,1,0,7,15,5,2,1,1,,,2020,Ketola 5,1,5,Winter DH Germination
591,BS710-33,12124,Full,B,514,1,0,3,12,5,7,3,NA,,,2020,Ketola 5,1,5,Winter DH Germination
592,BS710-33,12124,Full,B,514,2,0,5,8,7,7,3,NA,,,2020,Ketola 5,1,5,Winter DH Germination
594,BS710-41,12132,Full,B,519,2,0,0,2,0,10,18,NA,,,2020,Ketola 5,1,5,Winter DH Germination
593,BS710-41,12132,Full,B,519,1,0,1,1,2,7,18,NA,,,2020,Ketola 5,1,5,Winter DH Germination
596,BS710-46,12137,Full,B,522,2,0,1,6,6,9,8,NA,,,2020,Ketola 5,1,5,Winter DH Germination
595,BS710-46,12137,Full,B,522,1,0,0,5,7,9,9,NA,,,2020,Ketola 5,1,5,Winter DH Germination
597,BS710-48,12139,Full,B,523,1,0,1,0,1,5,23,NA,,,2020,Ketola 5,1,5,Winter DH Germination
598,BS710-48,12139,Full,B,523,2,0,0,0,3,5,22,NA,,,2020,Ketola 5,1,5,Winter DH Germination
600,BS710-50,12141,Full,B,524,2,1,22,7,0,0,2,2,,,2020,Ketola 5,1,5,Winter DH Germination
599,BS710-50,12141,Full,B,524,1,0,19,6,3,0,2,1,,,2020,Ketola 5,1,5,Winter DH Germination
601,BS710-57,12148,Full,B,527,1,1,19,8,0,0,2,2,,,2020,Ketola 5,1,5,Winter DH Germination
602,BS710-57,12148,Full,B,527,2,1,17,9,1,3,3,1,,,2020,Ketola 5,1,5,Winter DH Germination
604,BS710-58,12149,Full,B,528,2,0,1,11,11,8,4,2,,,2020,Ketola 5,1,5,Winter DH Germination
603,BS710-58,12149,Full,B,528,1,0,3,9,12,3,4,0,,,2020,Ketola 5,1,5,Winter DH Germination
605,BS710-64,12157,Full,B,533,1,0,0,0,1,8,21,1,,,2020,Ketola 5,1,5,Winter DH Germination
606,BS710-64,12157,Full,B,533,2,0,0,3,4,6,17,1,,,2020,Ketola 5,1,5,Winter DH Germination
608,BS710-66,12159,Full,B,534,2,3,5,15,4,3,0,NA,,,2020,Ketola 5,1,5,Winter DH Germination
607,BS710-66,12159,Full,B,534,1,0,8,16,5,1,1,1,,,2020,Ketola 5,1,5,Winter DH Germination
609,BS712-68,12161,Full,B,536,1,3,7,11,3,5,1,1,,,2020,Ketola 5,1,5,Winter DH Germination
610,BS712-68,12161,Full,B,536,2,3,6,9,5,4,4,1,,,2020,Ketola 5,1,5,Winter DH Germination
611,BS712-69,12162,Full,B,537,1,0,1,2,7,10,10,NA,,,2020,Ketola 5,1,5,Winter DH Germination
612,BS712-69,12162,Full,B,537,2,0,0,4,8,10,8,NA,,,2020,Ketola 5,1,5,Winter DH Germination
613,BS712-70,12163,Full,B,538,1,0,0,0,1,6,23,NA,,,2020,Ketola 5,1,5,Winter DH Germination
614,BS712-70,12163,Full,B,538,2,0,0,0,4,6,20,NA,,,2020,Ketola 5,1,5,Winter DH Germination
615,BS712-74,12167,Full,B,542,1,0,16,12,0,1,1,1,,,2020,Ketola 5,1,5,Winter DH Germination
616,BS712-74,12167,Full,B,542,2,0,13,11,2,2,2,2,,,2020,Ketola 5,1,5,Winter DH Germination
617,BS713-75,12168,Full,B,543,1,0,0,1,4,12,13,NA,,,2020,Ketola 5,1,5,Winter DH Germination
618,BS713-75,12168,Full,B,543,2,0,0,1,9,9,11,NA,,,2020,Ketola 5,1,5,Winter DH Germination
619,BS713-78,12171,Full,B,545,1,0,6,7,6,6,5,NA,,,2020,Ketola 5,1,5,Winter DH Germination
620,BS713-78,12171,Full,B,545,2,0,4,7,6,10,3,NA,,,2020,Ketola 5,1,5,Winter DH Germination
622,BS713-84,12177,Full,B,549,2,0,0,0,1,8,21,NA,,,2020,Ketola 5,1,5,Winter DH Germination
621,BS713-84,12177,Full,B,549,1,0,0,1,2,10,17,NA,,,2020,Ketola 5,1,5,Winter DH Germination
623,BS713-90,12183,Full,B,552,1,0,4,19,5,1,0,NA,,,2020,Ketola 5,1,5,Winter DH Germination
624,BS713-90,12183,Full,B,552,2,0,3,17,9,1,0,NA,,,2020,Ketola 5,1,5,Winter DH Germination
626,BS713-91,12184,Full,B,553,2,0,0,2,4,10,14,NA,,,2020,Ketola 5,1,5,Winter DH Germination
625,BS713-91,12184,Full,B,553,1,0,0,6,11,6,7,NA,,,2020,Ketola 5,1,5,Winter DH Germination
628,BS713-93,12186,Full,B,554,2,0,0,3,4,8,15,NA,,,2020,Ketola 5,1,5,Winter DH Germination
627,BS713-93,12186,Full,B,554,1,0,1,0,7,1,13,NA,,,2020,Ketola 5,1,5,Winter DH Germination
629,BS713-95,12188,Full,B,556,1,0,0,0,2,5,25,NA,,,2020,Ketola 5,1,5,Winter DH Germination
630,BS713-95,12188,Full,B,556,2,0,0,0,2,5,23,NA,,,2020,Ketola 5,1,5,Winter DH Germination
631,BS713-96,12189,Full,B,557,1,0,0,2,2,8,18,NA,,,2020,Ketola 5,1,5,Winter DH Germination
632,BS713-96,12189,Full,B,557,2,0,0,0,3,5,22,NA,,,2020,Ketola 5,1,5,Winter DH Germination
633,BS713-98,12191,Full,B,559,1,1,10,9,5,3,2,1,,,2020,Ketola 5,1,5,Winter DH Germination
634,BS713-98,12191,Full,B,559,2,0,6,12,6,6,1,NA,,,2020,Ketola 5,1,5,Winter DH Germination
635,BS713-102,12195,Full,B,563,1,0,0,0,5,6,19,NA,,,2020,Ketola 5,1,5,Winter DH Germination
636,BS713-102,12195,Full,B,563,2,0,1,2,5,7,15,NA,,,2020,Ketola 5,1,5,Winter DH Germination
638,BS713-104,12197,Full,B,565,2,0,1,10,5,8,6,NA,,,2020,Ketola 5,1,5,Winter DH Germination
637,BS713-104,12197,Full,B,565,1,0,0,10,11,5,5,4,,,2020,Ketola 5,1,5,Winter DH Germination
640,BS713-105,12198,Full,B,566,2,0,1,5,12,6,6,NA,,,2020,Ketola 5,1,5,Winter DH Germination
639,BS713-105,12198,Full,B,566,1,0,0,4,14,4,8,NA,,,2020,Ketola 5,1,5,Winter DH Germination
642,BS713-106,12199,Full,B,567,2,0,0,2,2,9,17,NA,,,2020,Ketola 5,1,5,Winter DH Germination
641,BS713-106,12199,Full,B,567,1,0,0,0,7,8,15,NA,,,2020,Ketola 5,1,5,Winter DH Germination
644,Check 1-Flavia,12200,Full,B,568,2,0,9,15,2,2,2,2,,,2020,Ketola 5,1,5,Winter DH Germination
643,Check 1-Flavia,12200,Full,B,568,1,1,7,16,3,2,1,NA,,,2020,Ketola 5,1,5,Winter DH Germination
645,Check 2-Scala,12201,Full,C,569,1,4,18,4,1,2,1,1,,,2020,Ketola 5,1,5,Winter DH Germination
646,Check 2-Scala,12201,Full,C,569,2,3,10,9,3,3,2,NA,,,2020,Ketola 5,1,5,Winter DH Germination
648,Check 3-DH130923,12202,Full,C,570,2,0,0,2,3,7,18,NA,,,2020,Ketola 5,1,5,Winter DH Germination
647,Check 3-DH130922,12202,Full,C,570,1,0,0,0,4,6,20,NA,,,2020,Ketola 5,1,5,Winter DH Germination
649,Check 4-SY Tepee,12203,Full,C,571,1,2,19,7,1,1,0,NA,,,2020,Ketola 5,1,5,Winter DH Germination
650,Check 4-SY Tepee,12203,Full,C,571,2,1,19,9,1,0,0,NA,,,2020,Ketola 5,1,5,Winter DH Germination
651,BS713-108,12206,Full,B,573,1,0,0,4,1,5,20,NA,,,2020,Ketola 5,1,5,Winter DH Germination
652,BS713-108,12206,Full,B,573,2,0,0,3,5,5,17,NA,,,2020,Ketola 5,1,5,Winter DH Germination
654,BS713-109,12207,Full,B,574,2,0,0,0,0,10,20,NA,,,2020,Ketola 5,1,5,Winter DH Germination
653,BS713-109,12207,Full,B,574,1,0,0,0,3,10,17,NA,,,2020,Ketola 5,1,5,Winter DH Germination
655,BS713-110,12208,Full,B,575,1,0,0,10,2,8,10,NA,,,2020,Ketola 5,1,5,Winter DH Germination
656,BS713-110,12208,Full,B,575,2,0,0,3,9,4,14,NA,,,2020,Ketola 5,1,5,Winter DH Germination
657,BS713-112,12210,Full,B,577,1,0,1,3,3,7,16,NA,,,2020,Ketola 5,1,5,Winter DH Germination
658,BS713-112,12210,Full,B,577,2,0,1,1,3,3,22,NA,,,2020,Ketola 5,1,5,Winter DH Germination
660,BS713-113,12211,Full,B,578,2,0,0,0,3,15,12,NA,,,2020,Ketola 5,1,5,Winter DH Germination
659,BS713-113,12211,Full,B,578,1,0,0,0,5,6,20,NA,,,2020,Ketola 5,1,5,Winter DH Germination
662,BS714-123,12221,Full,B,586,2,0,0,0,1,3,26,NA,,,2020,Ketola 5,1,5,Winter DH Germination
661,BS714-123,12221,Full,B,586,1,0,0,0,3,1,26,NA,,,2020,Ketola 5,1,5,Winter DH Germination
664,BS714-124,12222,Full,B,587,2,0,0,1,2,2,25,NA,,,2020,Ketola 5,1,5,Winter DH Germination
663,BS714-124,12222,Full,B,587,1,0,1,0,5,7,18,NA,,,2020,Ketola 5,1,5,Winter DH Germination
666,BS714-125,12223,Full,B,588,2,0,0,1,3,5,21,NA,,,2020,Ketola 5,1,5,Winter DH Germination
665,BS714-125,12223,Full,B,588,1,0,0,3,4,7,16,NA,,,2020,Ketola 5,1,5,Winter DH Germination
668,BS714-128,12226,Full,B,590,2,0,0,0,3,14,13,NA,,,2020,Ketola 5,1,5,Winter DH Germination
667,BS714-128,12226,Full,B,590,1,0,0,0,5,11,14,NA,,,2020,Ketola 5,1,5,Winter DH Germination
670,BS715-136,12234,Full,B,597,2,0,1,2,2,14,11,NA,,,2020,Ketola 5,1,5,Winter DH Germination
669,BS715-136,12234,Full,B,597,1,0,0,2,3,12,13,NA,,,2020,Ketola 5,1,5,Winter DH Germination
672,BS715-139,12237,Full,B,600,2,0,0,1,2,7,19,NA,,,2020,Ketola 5,1,5,Winter DH Germination
671,BS715-139,12237,Full,B,600,1,0,0,0,6,8,16,NA,,,2020,Ketola 5,1,5,Winter DH Germination
674,BS715-140,12238,Full,B,601,2,3,11,14,2,0,0,NA,,,2020,Ketola 5,1,5,Winter DH Germination
673,BS715-140,12238,Full,B,601,1,3,10,11,6,0,0,NA,,,2020,Ketola 5,1,5,Winter DH Germination
676,BS715-142,12240,Full,B,603,2,0,0,8,10,6,6,NA,,,2020,Ketola 5,1,5,Winter DH Germination
675,BS715-142,12240,Full,B,603,1,0,1,1,14,6,8,1,,,2020,Ketola 5,1,5,Winter DH Germination
677,BS715-144,12242,Full,B,605,1,2,11,4,4,7,2,NA,,,2020,Ketola 5,1,5,Winter DH Germination
678,BS715-144,12242,Full,B,605,2,2,6,5,5,2,10,NA,,,2020,Ketola 5,1,5,Winter DH Germination
680,BS807-1,12244,Full,B,606,2,0,0,0,0,2,28,NA,,,2020,Ketola 5,1,5,Winter DH Germination
679,BS807-1,12244,Full,B,606,1,0,0,0,1,1,28,NA,,,2020,Ketola 5,1,5,Winter DH Germination
681,BS807-3,12246,Full,B,608,1,0,0,1,0,4,25,NA,,,2020,Ketola 5,1,5,Winter DH Germination
682,BS807-3,12246,Full,B,608,2,0,0,0,0,7,23,NA,,,2020,Ketola 5,1,5,Winter DH Germination
683,Check 6-Charles,12250,Full,C,612,1,13,17,0,0,0,0,NA,,,2020,Ketola 5,1,5,Winter DH Germination
684,Check 6-Charles,12250,Full,C,612,2,14,16,0,0,0,0,NA,,,2020,Ketola 5,1,5,Winter DH Germination
685,BS810-7,12252,Full,B,613,1,0,0,3,9,11,7,NA,,,2020,Ketola 5,1,5,Winter DH Germination
686,BS810-7,12252,Full,B,613,2,0,0,4,15,4,7,NA,,,2020,Ketola 5,1,5,Winter DH Germination
687,BS810-16,12261,Full,B,618,1,NA,NA,NA,NA,NA,NA,NA,,,2020,Ketola 5,1,5,Winter DH Germination
688,BS810-16,12261,Full,B,618,2,NA,NA,NA,NA,NA,NA,NA,,,2020,Ketola 5,1,5,Winter DH Germination
689,BS811-19,12264,Full,B,620,1,0,0,0,2,9,19,NA,,,2020,Ketola 5,1,5,Winter DH Germination
690,BS811-19,12264,Full,B,620,2,0,0,0,8,7,15,NA,,,2020,Ketola 5,1,5,Winter DH Germination
691,BS811-24,12269,Full,B,625,1,0,0,2,2,7,19,NA,,,2020,Ketola 5,1,5,Winter DH Germination
692,BS811-24,12269,Full,B,625,2,0,0,3,3,12,12,NA,,,2020,Ketola 5,1,5,Winter DH Germination
694,BS811-25,12270,Full,B,626,2,0,1,0,1,5,23,NA,,,2020,Ketola 5,1,5,Winter DH Germination
693,BS811-25,12270,Full,B,626,1,0,0,0,2,2,26,NA,,,2020,Ketola 5,1,5,Winter DH Germination
695,BS811-26,12271,Full,B,627,1,0,4,9,8,1,8,NA,,,2020,Ketola 5,1,5,Winter DH Germination
696,BS811-26,12271,Full,B,627,2,0,4,3,11,7,5,NA,,,2020,Ketola 5,1,5,Winter DH Germination
697,BS811-32,12277,Full,B,632,1,0,0,0,0,7,23,NA,,,2020,Ketola 5,1,5,Winter DH Germination
698,BS811-32,12277,Full,B,632,2,0,0,0,3,3,24,NA,,,2020,Ketola 5,1,5,Winter DH Germination
699,BS811-36,12281,Full,B,634,1,0,0,6,7,9,8,NA,,,2020,Ketola 5,1,5,Winter DH Germination
700,BS811-36,12281,Full,B,634,2,0,0,4,7,14,5,NA,,,2020,Ketola 5,1,5,Winter DH Germination
701,BS811-39,12284,Full,B,636,1,0,3,6,2,11,8,NA,,,2020,Ketola 5,1,5,Winter DH Germination
702,BS811-39,12284,Full,B,636,2,0,2,6,6,12,4,NA,,,2020,Ketola 5,1,5,Winter DH Germination
703,BS811-40,12285,Full,B,637,1,0,0,5,3,7,15,NA,,,2020,Ketola 5,1,5,Winter DH Germination
704,BS811-40,12285,Full,B,637,2,0,0,0,5,12,13,NA,,,2020,Ketola 5,1,5,Winter DH Germination
706,BS811-42,12287,Full,B,639,2,0,0,0,0,4,26,NA,,,2020,Ketola 5,1,5,Winter DH Germination
705,BS811-42,12287,Full,B,639,1,0,0,0,2,6,22,NA,,,2020,Ketola 5,1,5,Winter DH Germination
708,BS811-43,12288,Full,B,640,2,0,1,1,5,10,13,NA,,,2020,Ketola 5,1,5,Winter DH Germination
707,BS811-43,12288,Full,B,640,1,0,0,4,8,4,14,NA,,,2020,Ketola 5,1,5,Winter DH Germination
709,BS812-45,12290,Full,B,642,1,0,5,15,6,4,0,NA,,,2020,Ketola 5,1,5,Winter DH Germination
710,BS812-45,12290,Full,B,642,2,0,4,13,9,3,1,NA,,,2020,Ketola 5,1,5,Winter DH Germination
712,BS812-46,12291,Full,B,643,2,0,5,15,5,3,3,NA,,,2020,Ketola 5,1,5,Winter DH Germination
711,BS812-46,12291,Full,B,643,1,0,7,10,6,3,4,NA,,,2020,Ketola 5,1,5,Winter DH Germination
713,BS812-47,12292,Full,B,644,1,0,0,0,1,6,23,NA,,,2020,Ketola 5,1,5,Winter DH Germination
714,BS812-47,12292,Full,B,644,2,0,0,0,2,8,20,NA,,,2020,Ketola 5,1,5,Winter DH Germination
715,BS812-48,12293,Full,B,645,1,0,0,3,9,13,6,NA,,,2020,Ketola 5,1,5,Winter DH Germination
716,BS812-48,12293,Full,B,645,2,0,0,2,12,14,2,NA,,,2020,Ketola 5,1,5,Winter DH Germination
718,BS812-49,12294,Full,B,646,2,0,16,9,2,2,1,NA,,,2020,Ketola 5,1,5,Winter DH Germination
717,BS812-49,12294,Full,B,646,1,1,10,13,5,1,0,NA,,,2020,Ketola 5,1,5,Winter DH Germination
719,BS812-52,12297,Full,B,648,1,0,0,1,4,4,20,NA,,,2020,Ketola 5,1,5,Winter DH Germination
720,BS812-52,12297,Full,B,648,2,0,0,2,5,12,11,NA,,,2020,Ketola 5,1,5,Winter DH Germination
722,BS812-54,12299,Full,B,650,2,0,0,0,1,7,22,NA,,,2020,Ketola 5,1,5,Winter DH Germination
721,BS812-54,12299,Full,B,650,1,0,0,1,2,6,21,NA,,,2020,Ketola 5,1,5,Winter DH Germination
723,Check 1-Flavia,12300,Full,B,651,1,0,9,12,2,3,4,NA,,,2020,Ketola 5,1,5,Winter DH Germination
724,Check 1-Flavia,12300,Full,B,651,2,0,9,8,7,2,4,NA,,,2020,Ketola 5,1,5,Winter DH Germination
726,Check 2-Scala,12301,Full,C,652,2,5,16,5,1,2,1,NA,,,2020,Ketola 5,1,5,Winter DH Germination
725,Check 2-Scala,12301,Full,C,652,1,4,11,8,3,2,2,NA,,,2020,Ketola 5,1,5,Winter DH Germination
727,Check 3-DH130924,12302,Full,C,653,1,0,0,0,2,12,16,NA,,,2020,Ketola 5,1,5,Winter DH Germination
728,Check 3-DH130925,12302,Full,C,653,2,0,0,1,2,8,19,NA,,,2020,Ketola 5,1,5,Winter DH Germination
730,Check 4-SY Tepee,12303,Full,C,654,2,3,13,8,1,4,1,NA,,,2020,Ketola 5,1,5,Winter DH Germination
729,Check 4-SY Tepee,12303,Full,C,654,1,1,14,9,4,1,1,NA,,,2020,Ketola 5,1,5,Winter DH Germination
732,BS812-57,12307,Full,B,657,2,0,0,3,9,5,13,NA,,,2020,Ketola 5,1,5,Winter DH Germination
731,BS812-57,12307,Full,B,657,1,0,1,1,11,12,5,NA,,,2020,Ketola 5,1,5,Winter DH Germination
733,BS812-59,12309,Full,B,659,1,0,5,11,4,5,5,NA,,,2020,Ketola 5,1,5,Winter DH Germination
734,BS812-59,12309,Full,B,659,2,0,4,6,5,5,11,NA,,,2020,Ketola 5,1,5,Winter DH Germination
736,BS812-61,12311,Full,B,661,2,0,2,11,9,2,6,NA,,,2020,Ketola 5,1,5,Winter DH Germination
735,BS812-61,12311,Full,B,661,1,0,3,5,12,8,2,NA,,,2020,Ketola 5,1,5,Winter DH Germination
737,BS812-63,12313,Full,B,663,1,0,0,1,1,2,26,NA,,,2020,Ketola 5,1,5,Winter DH Germination
738,BS812-63,12313,Full,B,663,2,0,0,1,1,5,23,NA,,,2020,Ketola 5,1,5,Winter DH Germination
739,BS812-65,12315,Full,B,664,1,0,0,0,0,5,25,NA,,,2020,Ketola 5,1,5,Winter DH Germination
740,BS812-65,12315,Full,B,664,2,0,0,0,0,4,26,NA,,,2020,Ketola 5,1,5,Winter DH Germination
741,BS812-66,12316,Full,B,665,1,0,1,3,5,7,14,NA,,,2020,Ketola 5,1,5,Winter DH Germination
742,BS812-66,12316,Full,B,665,2,0,0,1,6,10,13,NA,,,2020,Ketola 5,1,5,Winter DH Germination
743,BS812-67,12317,Full,B,666,1,0,0,0,2,3,25,NA,,,2020,Ketola 5,1,5,Winter DH Germination
744,BS812-67,12317,Full,B,666,2,0,0,0,6,6,19,NA,,,2020,Ketola 5,1,5,Winter DH Germination
745,BS812-68,12318,Full,B,667,1,0,0,0,2,7,21,NA,,,2020,Ketola 5,1,5,Winter DH Germination
746,BS812-68,12318,Full,B,667,2,0,0,0,3,8,19,NA,,,2020,Ketola 5,1,5,Winter DH Germination
747,BS812-69,12319,Full,B,668,1,0,0,2,0,5,23,NA,,,2020,Ketola 5,1,5,Winter DH Germination
748,BS812-69,12319,Full,B,668,2,0,0,0,2,4,24,NA,,,2020,Ketola 5,1,5,Winter DH Germination
750,BS812-70,12320,Full,B,669,2,0,0,0,2,5,23,NA,,,2020,Ketola 5,1,5,Winter DH Germination
749,BS812-70,12320,Full,B,669,1,0,0,0,6,7,17,NA,,,2020,Ketola 5,1,5,Winter DH Germination
751,BS812-71,12321,Full,B,670,1,0,0,1,2,10,17,NA,,,2020,Ketola 5,1,5,Winter DH Germination
752,BS812-71,12321,Full,B,670,2,0,0,1,5,7,17,NA,,,2020,Ketola 5,1,5,Winter DH Germination
754,BS812-73,12323,Full,B,672,2,0,1,6,4,9,10,NA,,,2020,Ketola 5,1,5,Winter DH Germination
753,BS812-73,12323,Full,B,672,1,0,1,3,6,6,14,NA,,,2020,Ketola 5,1,5,Winter DH Germination
755,BS812-76,12326,Full,B,674,1,0,1,3,0,6,20,NA,,,2020,Ketola 5,1,5,Winter DH Germination
756,BS812-76,12326,Full,B,674,2,0,0,3,6,7,14,NA,,,2020,Ketola 5,1,5,Winter DH Germination
758,BS812-77,12327,Full,B,675,2,0,6,16,7,0,1,NA,,,2020,Ketola 5,1,5,Winter DH Germination
757,BS812-77,12327,Full,B,675,1,0,15,6,9,0,1,NA,,,2020,Ketola 5,1,5,Winter DH Germination
759,BS812-78,12328,Full,B,676,1,0,0,0,0,0,30,NA,,,2020,Ketola 5,1,5,Winter DH Germination
760,BS812-78,12328,Full,B,676,2,0,0,0,0,0,30,NA,,,2020,Ketola 5,1,5,Winter DH Germination
761,BS812-79,12329,Full,B,677,1,0,0,0,0,5,25,NA,,,2020,Ketola 5,1,5,Winter DH Germination
762,BS812-79,12329,Full,B,677,2,0,0,0,0,6,24,NA,,,2020,Ketola 5,1,5,Winter DH Germination
764,BS812-80,12330,Full,B,678,2,0,4,12,8,3,4,NA,,,2020,Ketola 5,1,5,Winter DH Germination
763,BS812-80,12330,Full,B,678,1,0,6,10,10,3,0,NA,,,2020,Ketola 5,1,5,Winter DH Germination
765,BS812-81,12331,Full,B,679,1,0,9,11,4,4,2,NA,,,2020,Ketola 5,1,5,Winter DH Germination
766,BS812-81,12331,Full,B,679,2,0,11,8,5,5,1,NA,,,2020,Ketola 5,1,5,Winter DH Germination
768,BS813-86,12336,Full,B,683,2,0,2,8,6,10,4,NA,,,2020,Ketola 5,1,5,Winter DH Germination
767,BS813-86,12336,Full,B,683,1,0,4,5,11,4,6,NA,,,2020,Ketola 5,1,5,Winter DH Germination
769,BS813-88,12338,Full,B,685,1,0,0,2,5,11,12,NA,,,2020,Ketola 5,1,5,Winter DH Germination
770,BS813-88,12338,Full,B,685,2,0,3,2,6,7,12,NA,,,2020,Ketola 5,1,5,Winter DH Germination
771,BS813-90,12340,Full,B,686,1,0,11,4,4,5,6,NA,,,2020,Ketola 5,1,5,Winter DH Germination
772,BS813-90,12340,Full,B,686,2,2,3,11,8,5,1,NA,,,2020,Ketola 5,1,5,Winter DH Germination
774,BS813-91,12341,Full,B,687,2,0,1,10,7,9,3,NA,,,2020,Ketola 5,1,5,Winter DH Germination
773,BS813-91,12341,Full,B,687,1,0,3,5,10,10,2,NA,,,2020,Ketola 5,1,5,Winter DH Germination
776,BS813-94,12344,Full,B,690,2,0,0,0,0,1,29,NA,,,2020,Ketola 5,1,5,Winter DH Germination
775,BS813-94,12344,Full,B,690,1,0,0,0,1,1,28,NA,,,2020,Ketola 5,1,5,Winter DH Germination
778,BS813-95,12345,Full,B,691,2,0,0,0,4,10,16,NA,,,2020,Ketola 5,1,5,Winter DH Germination
777,BS813-95,12345,Full,B,691,1,0,0,3,6,11,10,NA,,,2020,Ketola 5,1,5,Winter DH Germination
779,BS813-99,12349,Full,B,695,1,0,0,1,2,12,16,NA,,,2020,Ketola 5,1,5,Winter DH Germination
780,BS813-99,12349,Full,B,695,2,0,0,1,4,13,12,NA,,,2020,Ketola 5,1,5,Winter DH Germination
781,Check 6-Charles,12350,Full,C,696,1,23,7,0,0,0,0,NA,,,2020,Ketola 5,1,5,Winter DH Germination
782,Check 6-Charles,12350,Full,C,696,2,26,4,0,0,0,0,NA,,,2020,Ketola 5,1,5,Winter DH Germination
783,BS813-100,12352,Full,B,697,1,0,1,1,2,5,21,NA,,,2020,Ketola 5,1,5,Winter DH Germination
784,BS813-100,12352,Full,B,697,2,0,1,2,6,10,10,NA,,,2020,Ketola 5,1,5,Winter DH Germination
785,BS813-101,12353,Full,B,698,1,0,0,4,7,10,9,NA,,,2020,Ketola 5,1,5,Winter DH Germination
786,BS813-101,12353,Full,B,698,2,0,0,5,11,8,6,NA,,,2020,Ketola 5,1,5,Winter DH Germination
788,BS813-103,12355,Full,B,700,2,0,0,0,0,4,25,NA,,,2020,Ketola 5,1,5,Winter DH Germination
787,BS813-103,12355,Full,B,700,1,0,0,0,1,0,28,NA,,,2020,Ketola 5,1,5,Winter DH Germination
789,BS813-107,12359,Full,B,702,1,2,9,7,2,0,0,NA,,,2020,Ketola 5,1,5,Winter DH Germination
790,BS813-107,12359,Full,B,702,2,0,16,10,3,0,1,NA,,,2020,Ketola 5,1,5,Winter DH Germination
791,BS813-110,12362,Full,B,704,1,0,0,0,1,3,29,NA,,,2020,Ketola 5,1,5,Winter DH Germination
792,BS813-110,12362,Full,B,704,2,0,0,0,1,4,25,NA,,,2020,Ketola 5,1,5,Winter DH Germination
794,BS813-111,12363,Full,B,705,2,0,0,2,6,5,15,NA,,,2020,Ketola 5,1,5,Winter DH Germination
793,BS813-111,12363,Full,B,705,1,0,0,3,8,12,6,NA,,,2020,Ketola 5,1,5,Winter DH Germination
795,BS813-113,12365,Full,B,707,1,0,1,1,7,10,11,NA,,,2020,Ketola 5,1,5,Winter DH Germination
796,BS813-113,12365,Full,B,707,2,0,1,2,7,10,8,NA,,,2020,Ketola 5,1,5,Winter DH Germination
797,BS813-115,12367,Full,B,708,1,0,5,5,3,7,15,NA,,,2020,Ketola 5,1,5,Winter DH Germination
798,BS813-115,12367,Full,B,708,2,0,0,3,8,6,13,NA,,,2020,Ketola 5,1,5,Winter DH Germination
800,BS813-118,12370,Full,B,710,2,0,1,9,13,2,3,NA,,,2020,Ketola 5,1,5,Winter DH Germination
799,BS813-118,12370,Full,B,710,1,0,0,5,14,4,7,NA,,,2020,Ketola 5,1,5,Winter DH Germination
801,BS814-120,12372,Full,B,712,1,0,0,3,4,3,19,NA,,,2020,Ketola 5,1,5,Winter DH Germination
802,BS814-120,12372,Full,B,712,2,0,0,3,5,2,20,NA,,,2020,Ketola 5,1,5,Winter DH Germination
804,BS814-121,12373,Full,B,713,2,0,0,4,6,6,14,NA,,,2020,Ketola 5,1,5,Winter DH Germination
803,BS814-121,12373,Full,B,713,1,0,0,4,10,8,7,NA,,,2020,Ketola 5,1,5,Winter DH Germination
805,BS814-126,12378,Full,B,718,1,0,0,1,0,6,19,NA,,,2020,Ketola 5,1,5,Winter DH Germination
806,BS814-126,12378,Full,B,718,2,0,0,1,1,5,27,NA,,,2020,Ketola 5,1,5,Winter DH Germination
807,BS814-127,12379,Full,B,719,1,1,5,12,4,5,2,NA,,,2020,Ketola 5,1,5,Winter DH Germination
808,BS814-127,12379,Full,B,719,2,0,5,11,4,3,4,NA,,,2020,Ketola 5,1,5,Winter DH Germination
810,BS814-130,12382,Full,B,720,2,1,9,11,1,1,7,NA,,,2020,Ketola 5,1,5,Winter DH Germination
809,BS814-130,12382,Full,B,720,1,0,5,13,5,2,5,NA,,,2020,Ketola 5,1,5,Winter DH Germination
811,BS814-132,12384,Full,B,722,1,0,0,2,2,9,18,NA,,,2020,Ketola 5,1,5,Winter DH Germination
812,BS814-132,12384,Full,B,722,2,0,0,1,3,4,22,NA,,,2020,Ketola 5,1,5,Winter DH Germination
814,BS814-135,12387,Full,B,724,2,1,8,16,1,4,0,NA,,,2020,Ketola 5,1,5,Winter DH Germination
813,BS814-135,12387,Full,B,724,1,0,8,15,5,1,2,NA,,,2020,Ketola 5,1,5,Winter DH Germination
815,BS814-138,12390,Full,B,727,1,0,8,15,5,0,1,NA,,,2020,Ketola 5,1,5,Winter DH Germination
816,BS814-138,12390,Full,B,727,2,1,6,10,5,4,4,NA,,,2020,Ketola 5,1,5,Winter DH Germination
817,BS814-139,12391,Full,B,728,1,0,3,2,8,9,5,NA,,,2020,Ketola 5,1,5,Winter DH Germination
818,BS814-139,12391,Full,B,728,2,0,1,1,8,9,12,NA,,,2020,Ketola 5,1,5,Winter DH Germination
820,BS814-140,12392,Full,B,729,2,0,1,7,2,5,14,NA,,,2020,Ketola 5,1,5,Winter DH Germination
819,BS814-140,12392,Full,B,729,1,0,1,1,3,5,19,NA,,,2020,Ketola 5,1,5,Winter DH Germination
822,BS906-7,12399,Full,B,733,2,0,0,1,6,10,13,NA,,,2020,Ketola 5,1,5,Winter DH Germination
821,BS906-7,12399,Full,B,733,1,0,0,4,7,9,15,NA,,,2020,Ketola 5,1,5,Winter DH Germination
824,Check 1-Flavia,12400,Full,B,734,2,0,9,16,2,2,1,NA,,,2020,Ketola 5,1,5,Winter DH Germination
823,Check 1-Flavia,12400,Full,B,734,1,1,18,4,3,3,1,NA,,,2020,Ketola 5,1,5,Winter DH Germination
825,Check 2-Scala,12401,Full,C,735,1,0,17,4,5,2,2,NA,,,2020,Ketola 5,1,5,Winter DH Germination
826,Check 2-Scala,12401,Full,C,735,2,2,11,10,6,6,0,NA,,,2020,Ketola 5,1,5,Winter DH Germination
828,Check 3-DH130927,12402,Full,C,736,2,0,0,0,4,9,17,NA,,,2020,Ketola 5,1,5,Winter DH Germination
827,Check 3-DH130926,12402,Full,C,736,1,0,0,0,5,13,17,NA,,,2020,Ketola 5,1,5,Winter DH Germination
830,Check 4-SY Tepee,12403,Full,C,737,2,3,11,12,2,3,3,NA,,,2020,Ketola 5,1,5,Winter DH Germination
829,Check 4-SY Tepee,12403,Full,C,737,1,0,7,8,8,3,2,NA,,,2020,Ketola 5,1,5,Winter DH Germination
831,BS906-9,12406,Full,B,739,1,0,0,6,4,9,11,NA,,,2020,Ketola 5,1,5,Winter DH Germination
832,BS906-9,12406,Full,B,739,2,0,0,1,7,7,15,NA,,,2020,Ketola 5,1,5,Winter DH Germination
833,BS906-10,12407,Full,B,740,1,0,0,2,2,9,17,NA,,,2020,Ketola 5,1,5,Winter DH Germination
834,BS906-10,12407,Full,B,740,2,0,0,1,5,6,18,NA,,,2020,Ketola 5,1,5,Winter DH Germination
835,BS908-12,12409,Full,B,741,1,1,14,8,3,3,1,NA,,,2020,Ketola 5,1,5,Winter DH Germination
836,BS908-12,12409,Full,B,741,2,2,16,8,4,2,0,NA,,,2020,Ketola 5,1,5,Winter DH Germination
837,BS908-13,12410,Full,B,742,1,0,0,0,9,11,10,NA,,,2020,Ketola 5,1,5,Winter DH Germination
838,BS908-13,12410,Full,B,742,2,0,1,1,12,9,7,NA,,,2020,Ketola 5,1,5,Winter DH Germination
839,BS908-14,12411,Full,B,743,1,0,0,2,8,15,5,NA,,,2020,Ketola 5,1,5,Winter DH Germination
840,BS908-14,12411,Full,B,743,2,0,0,0,8,17,5,NA,,,2020,Ketola 5,1,5,Winter DH Germination
841,BS908-16,12413,Full,B,745,1,0,1,11,7,4,7,NA,,,2020,Ketola 5,1,5,Winter DH Germination
842,BS908-16,12413,Full,B,745,2,0,0,10,8,9,3,NA,,,2020,Ketola 5,1,5,Winter DH Germination
844,BS908-20,12417,Full,B,748,2,0,13,13,2,0,2,NA,,,2020,Ketola 5,1,5,Winter DH Germination
843,BS908-20,12417,Full,B,748,1,0,14,13,3,0,0,NA,,,2020,Ketola 5,1,5,Winter DH Germination
846,BS908-22,12419,Full,B,750,2,0,3,7,7,9,4,NA,,,2020,Ketola 5,1,5,Winter DH Germination
845,BS908-22,12419,Full,B,750,1,0,3,10,10,7,0,NA,,,2020,Ketola 5,1,5,Winter DH Germination
848,BS908-25,12422,Full,B,753,2,0,4,9,4,4,9,NA,,,2020,Ketola 5,1,5,Winter DH Germination
847,BS908-25,12422,Full,B,753,1,0,6,10,7,1,6,NA,,,2020,Ketola 5,1,5,Winter DH Germination
850,BS908-26,12423,Full,B,754,2,0,1,7,12,7,3,NA,,,2020,Ketola 5,1,5,Winter DH Germination
849,BS908-26,12423,Full,B,754,1,0,0,11,15,3,1,NA,,,2020,Ketola 5,1,5,Winter DH Germination
852,BS908-29,12426,Full,B,756,2,0,1,8,9,4,8,NA,,,2020,Ketola 5,1,5,Winter DH Germination
851,BS908-29,12426,Full,B,756,1,0,1,9,12,3,5,NA,,,2020,Ketola 5,1,5,Winter DH Germination
853,BS908-30,12427,Full,B,757,1,0,0,1,3,12,14,NA,,,2020,Ketola 5,1,5,Winter DH Germination
854,BS908-30,12427,Full,B,757,2,0,1,3,5,9,12,NA,,,2020,Ketola 5,1,5,Winter DH Germination
855,BS911-35,12432,Full,B,762,1,0,0,11,9,5,5,NA,,,2020,Ketola 5,1,5,Winter DH Germination
856,BS911-35,12432,Full,B,762,2,0,0,7,10,8,5,NA,,,2020,Ketola 5,1,5,Winter DH Germination
858,BS911-38,12435,Full,B,763,2,0,5,12,5,7,1,NA,,,2020,Ketola 5,1,5,Winter DH Germination
857,BS911-38,12435,Full,B,763,1,0,3,12,8,3,4,NA,,,2020,Ketola 5,1,5,Winter DH Germination
859,BS911-41,12438,Full,B,765,1,0,9,16,2,1,2,NA,,,2020,Ketola 5,1,5,Winter DH Germination
860,BS911-41,12438,Full,B,765,2,0,8,17,3,1,1,NA,,,2020,Ketola 5,1,5,Winter DH Germination
861,BS911-42,12439,Full,B,766,1,0,13,6,4,3,4,NA,,,2020,Ketola 5,1,5,Winter DH Germination
862,BS911-42,12439,Full,B,766,2,2,11,11,4,1,1,NA,,,2020,Ketola 5,1,5,Winter DH Germination
864,BS911-49,12446,Full,B,770,2,0,7,13,5,2,3,NA,,,2020,Ketola 5,1,5,Winter DH Germination
863,BS911-49,12446,Full,B,770,1,0,7,8,8,2,5,NA,,,2020,Ketola 5,1,5,Winter DH Germination
865,Check 6-Charles,12450,Full,C,773,1,21,9,0,0,0,0,NA,,,2020,Ketola 5,1,5,Winter DH Germination
866,Check 6-Charles,12450,Full,C,773,2,23,7,0,0,0,0,NA,,,2020,Ketola 5,1,5,Winter DH Germination
867,BS911-53,12452,Full,B,774,1,0,8,8,7,4,3,NA,,,2020,Ketola 5,1,5,Winter DH Germination
868,BS911-53,12452,Full,B,774,2,0,8,4,11,4,3,NA,,,2020,Ketola 5,1,5,Winter DH Germination
870,BS911-60,12459,Full,B,777,2,0,0,7,8,6,9,NA,,,2020,Ketola 5,1,5,Winter DH Germination
869,BS911-60,12459,Full,B,777,1,0,0,4,16,5,5,NA,,,2020,Ketola 5,1,5,Winter DH Germination
872,BS911-63,12462,Full,B,779,2,3,15,11,0,1,0,NA,,,2020,Ketola 5,1,5,Winter DH Germination
871,BS911-63,12462,Full,B,779,1,3,16,9,2,0,0,NA,,,2020,Ketola 5,1,5,Winter DH Germination
874,BS911-65,12464,Full,B,781,2,0,0,7,7,9,7,NA,,,2020,Ketola 5,1,5,Winter DH Germination
873,BS911-65,12464,Full,B,781,1,1,1,4,9,5,10,NA,,,2020,Ketola 5,1,5,Winter DH Germination
875,BS911-67,12466,Full,B,783,1,NA,NA,NA,NA,NA,NA,NA,,,2020,Ketola 5,1,5,Winter DH Germination
876,BS911-67,12466,Full,B,783,2,NA,NA,NA,NA,NA,NA,NA,,,2020,Ketola 5,1,5,Winter DH Germination
877,BS911-69,12468,Full,B,784,1,2,16,10,0,1,1,NA,,,2020,Ketola 5,1,5,Winter DH Germination
878,BS911-69,12468,Full,B,784,2,0,18,9,1,1,1,NA,,,2020,Ketola 5,1,5,Winter DH Germination
879,BS911-71,12470,Full,B,786,1,0,1,10,11,7,1,NA,,,2020,Ketola 5,1,5,Winter DH Germination
880,BS911-71,12470,Full,B,786,2,0,1,7,12,8,2,NA,,,2020,Ketola 5,1,5,Winter DH Germination
881,BS911-72,12471,Full,B,787,1,0,23,7,0,0,0,NA,,,2020,Ketola 5,1,5,Winter DH Germination
882,BS911-72,12471,Full,B,787,2,2,17,10,0,0,0,NA,,,2020,Ketola 5,1,5,Winter DH Germination
883,BS911-73,12472,Full,B,788,1,4,23,1,0,0,1,NA,,,2020,Ketola 5,1,5,Winter DH Germination
884,BS911-73,12472,Full,B,788,2,4,19,3,1,1,2,NA,,,2020,Ketola 5,1,5,Winter DH Germination
885,BS911-77,12476,Full,B,791,1,0,7,13,4,3,3,NA,,,2020,Ketola 5,1,5,Winter DH Germination
886,BS911-77,12476,Full,B,791,2,2,6,9,8,5,0,NA,,,2020,Ketola 5,1,5,Winter DH Germination
887,BS911-82,12481,Full,B,794,1,0,0,1,1,15,13,NA,,,2020,Ketola 5,1,5,Winter DH Germination
888,BS911-82,12481,Full,B,794,2,0,0,0,3,12,16,NA,,,2020,Ketola 5,1,5,Winter DH Germination
889,BS911-85,12484,Full,B,797,1,1,20,9,0,0,0,NA,,,2020,Ketola 5,1,5,Winter DH Germination
890,BS911-85,12484,Full,B,797,2,5,14,11,0,0,0,NA,,,2020,Ketola 5,1,5,Winter DH Germination
891,BS911-86,12485,Full,B,798,1,0,1,5,9,6,9,NA,,,2020,Ketola 5,1,5,Winter DH Germination
892,BS911-86,12485,Full,B,798,2,0,0,5,11,8,6,NA,,,2020,Ketola 5,1,5,Winter DH Germination
893,BS911-90,12489,Full,B,801,1,0,0,5,17,5,3,NA,,,2020,Ketola 5,1,5,Winter DH Germination
894,BS911-90,12489,Full,B,801,2,0,0,4,17,2,7,NA,,,2020,Ketola 5,1,5,Winter DH Germination
896,BS911-91,12490,Full,B,802,2,0,0,5,10,10,5,NA,,,2020,Ketola 5,1,5,Winter DH Germination
895,BS911-91,12490,Full,B,802,1,0,0,7,11,8,4,NA,,,2020,Ketola 5,1,5,Winter DH Germination
897,BS911-94,12493,Full,B,805,1,1,6,14,6,1,2,NA,,,2020,Ketola 5,1,5,Winter DH Germination
898,BS911-94,12493,Full,B,805,2,0,4,14,8,2,2,NA,,,2020,Ketola 5,1,5,Winter DH Germination
900,BS911-96,12495,Full,B,807,2,0,0,9,9,10,2,NA,,,2020,Ketola 5,1,5,Winter DH Germination
899,BS911-96,12495,Full,B,807,1,0,0,9,11,6,4,NA,,,2020,Ketola 5,1,5,Winter DH Germination
901,BS911-98,12497,Full,B,809,1,0,0,13,3,4,5,NA,,,2020,Ketola 5,1,5,Winter DH Germination
902,BS911-98,12497,Full,B,809,2,0,5,5,10,5,5,NA,,,2020,Ketola 5,1,5,Winter DH Germination
904,BS911-99,12498,Full,B,810,2,0,1,7,7,3,14,NA,,,2020,Ketola 5,1,5,Winter DH Germination
903,BS911-99,12498,Full,B,810,1,0,1,4,11,6,8,NA,,,2020,Ketola 5,1,5,Winter DH Germination
905,BS911-100,12499,Full,B,811,1,0,7,17,4,1,1,NA,,,2020,Ketola 5,1,5,Winter DH Germination
906,BS911-100,12499,Full,B,811,2,0,3,12,10,2,3,NA,,,2020,Ketola 5,1,5,Winter DH Germination
907,Check 1-Flavia,12500,Full,B,812,1,0,4,18,1,3,4,NA,,,2020,Ketola 5,1,5,Winter DH Germination
908,Check 1-Flavia,12500,Full,B,812,2,1,10,12,5,0,2,NA,,,2020,Ketola 5,1,5,Winter DH Germination
910,Check 2-Scala,12501,Full,C,813,2,4,16,9,0,0,1,NA,,,2020,Ketola 5,1,5,Winter DH Germination
909,Check 2-Scala,12501,Full,C,813,1,3,9,15,3,0,0,NA,,,2020,Ketola 5,1,5,Winter DH Germination
912,Check 3-DH130929,12502,Full,C,814,2,0,2,0,5,10,13,NA,,,2020,Ketola 5,1,5,Winter DH Germination
911,Check 3-DH130928,12502,Full,C,814,1,0,0,0,7,7,16,NA,,,2020,Ketola 5,1,5,Winter DH Germination
914,Check 4-SY Tepee,12503,Full,C,815,2,2,6,10,3,4,5,NA,,,2020,Ketola 5,1,5,Winter DH Germination
913,Check 4-SY Tepee,12503,Full,C,815,1,0,5,11,8,5,1,NA,,,2020,Ketola 5,1,5,Winter DH Germination
916,BS911-102,12506,Full,B,817,2,0,10,9,6,1,4,NA,,,2020,Ketola 5,1,5,Winter DH Germination
915,BS911-102,12506,Full,B,817,1,0,4,11,9,4,1,NA,,,2020,Ketola 5,1,5,Winter DH Germination
918,BS911-103,12507,Full,B,818,2,0,5,13,5,4,3,NA,,,2020,Ketola 5,1,5,Winter DH Germination
917,BS911-103,12507,Full,B,818,1,1,2,9,10,4,4,NA,,,2020,Ketola 5,1,5,Winter DH Germination
919,BS911-105,12509,Full,B,820,1,0,1,12,9,6,2,NA,,,2020,Ketola 5,1,5,Winter DH Germination
920,BS911-105,12509,Full,B,820,2,0,5,6,14,3,3,NA,,,2020,Ketola 5,1,5,Winter DH Germination
922,BS911-106,12510,Full,B,821,2,0,2,9,10,6,3,NA,,,2020,Ketola 5,1,5,Winter DH Germination
921,BS911-106,12510,Full,B,821,1,0,0,11,11,7,1,NA,,,2020,Ketola 5,1,5,Winter DH Germination
924,BS911-107,12511,Full,B,822,2,1,15,8,0,2,4,NA,,,2020,Ketola 5,1,5,Winter DH Germination
923,BS911-107,12511,Full,B,822,1,1,22,3,2,1,1,NA,,,2020,Ketola 5,1,5,Winter DH Germination
925,BS911-108,12512,Full,B,823,1,0,17,7,0,2,4,NA,,,2020,Ketola 5,1,5,Winter DH Germination
926,BS911-108,12512,Full,B,823,2,0,13,10,7,0,0,NA,,,2020,Ketola 5,1,5,Winter DH Germination
928,BS911-112,12516,Full,B,826,2,0,3,2,1,5,19,NA,,,2020,Ketola 5,1,5,Winter DH Germination
927,BS911-112,12516,Full,B,826,1,0,0,2,8,6,14,NA,,,2020,Ketola 5,1,5,Winter DH Germination
929,BS911-117,12521,Full,B,831,1,2,6,9,10,2,1,NA,,,2020,Ketola 5,1,5,Winter DH Germination
930,BS911-117,12521,Full,B,831,2,1,4,10,10,2,3,NA,,,2020,Ketola 5,1,5,Winter DH Germination
932,BS911-118,12522,Full,B,832,2,0,0,2,6,3,19,NA,,,2020,Ketola 5,1,5,Winter DH Germination
931,BS911-118,12522,Full,B,832,1,0,0,0,8,6,16,NA,,,2020,Ketola 5,1,5,Winter DH Germination
933,BS911-119,12523,Full,B,833,1,0,9,21,0,0,0,NA,,,2020,Ketola 5,1,5,Winter DH Germination
934,BS911-119,12523,Full,B,833,2,0,7,17,3,0,3,NA,,,2020,Ketola 5,1,5,Winter DH Germination
935,BS911-120,12524,Full,B,834,1,0,7,19,1,1,2,NA,,,2020,Ketola 5,1,5,Winter DH Germination
936,BS911-120,12524,Full,B,834,2,0,13,14,1,1,1,NA,,,2020,Ketola 5,1,5,Winter DH Germination
938,BS911-122,12526,Full,B,836,2,0,0,5,3,8,14,NA,,,2020,Ketola 5,1,5,Winter DH Germination
937,BS911-122,12526,Full,B,836,1,0,0,3,9,6,13,NA,,,2020,Ketola 5,1,5,Winter DH Germination
940,BS911-123,12527,Full,B,837,2,0,2,14,7,6,1,NA,,,2020,Ketola 5,1,5,Winter DH Germination
939,BS911-123,12527,Full,B,837,1,0,6,10,8,4,2,NA,,,2020,Ketola 5,1,5,Winter DH Germination
941,BS911-124,12528,Full,B,838,1,0,3,13,9,4,1,NA,,,2020,Ketola 5,1,5,Winter DH Germination
942,BS911-124,12528,Full,B,838,2,0,4,6,12,3,5,NA,,,2020,Ketola 5,1,5,Winter DH Germination
943,BS911-125,12529,Full,B,839,1,NA,NA,NA,NA,NA,NA,NA,,,2020,Ketola 5,1,5,Winter DH Germination
944,BS911-125,12529,Full,B,839,2,NA,NA,NA,NA,NA,NA,NA,,,2020,Ketola 5,1,5,Winter DH Germination
946,BS911-126,12530,Full,B,840,2,0,1,9,7,8,5,NA,,,2020,Ketola 5,1,5,Winter DH Germination
945,BS911-126,12530,Full,B,840,1,0,3,10,11,5,1,NA,,,2020,Ketola 5,1,5,Winter DH Germination
947,BS912-129,12533,Full,B,843,1,0,1,2,3,5,19,NA,,,2020,Ketola 5,1,5,Winter DH Germination
948,BS912-129,12533,Full,B,843,2,0,0,2,3,3,23,NA,,,2020,Ketola 5,1,5,Winter DH Germination
949,BS912-131,12535,Full,B,845,1,0,0,4,10,7,9,NA,,,2020,Ketola 5,1,5,Winter DH Germination
950,BS912-131,12535,Full,B,845,2,0,1,3,11,9,6,NA,,,2020,Ketola 5,1,5,Winter DH Germination
951,BS912-134,12538,Full,B,847,1,0,0,2,6,8,14,NA,,,2020,Ketola 5,1,5,Winter DH Germination
952,BS912-134,12538,Full,B,847,2,0,1,2,7,10,10,NA,,,2020,Ketola 5,1,5,Winter DH Germination
954,BS912-135,12539,Full,B,848,2,0,0,7,6,9,8,NA,,,2020,Ketola 5,1,5,Winter DH Germination
953,BS912-135,12539,Full,B,848,1,0,1,5,9,1,14,NA,,,2020,Ketola 5,1,5,Winter DH Germination
955,BS912-136,12540,Full,B,849,1,12,11,6,1,0,0,NA,,,2020,Ketola 5,1,5,Winter DH Germination
956,BS912-136,12540,Full,B,849,2,9,15,5,1,0,0,NA,,,2020,Ketola 5,1,5,Winter DH Germination
958,BS912-138,12542,Full,B,850,2,9,19,2,0,0,0,NA,,,2020,Ketola 5,1,5,Winter DH Germination
957,BS912-138,12542,Full,B,850,1,7,22,0,1,1,0,NA,,,2020,Ketola 5,1,5,Winter DH Germination
959,Check 6-Charles,12543,Full,C,851,1,20,10,0,0,0,0,NA,,,2020,Ketola 5,1,5,Winter DH Germination
960,Check 6-Charles,12543,Full,C,851,2,21,9,0,0,0,0,NA,,,2020,Ketola 5,1,5,Winter DH Germination
965,BBBdormSNLine,SN,Full,C,852,5,23,7,0,0,0,0,0,,,2020,Spring,1,5,Winter DH Germination
961,BBBdormSNLine,SN,Full,C,852,1,19,9,1,0,0,1,1,,,2020,Spring,1,5,Winter DH Germination
962,BBBdormSNLine,SN,Full,C,852,2,20,8,1,0,0,1,1,,,2020,Spring,1,5,Winter DH Germination
963,BBBdormSNLine,SN,Full,C,852,3,22,5,0,0,0,3,3,,,2020,Spring,1,5,Winter DH Germination
964,BBBdormSNLine,SN,Full,C,852,4,18,7,2,0,0,3,3,,,2020,Spring,1,5,Winter DH Germination
968,BBBdormSRLine,SR,Full,C,853,3,22,8,0,0,0,0,0,,,2020,Spring,1,5,Winter DH Germination
967,BBBdormSRLine,SR,Full,C,853,2,19,8,1,0,0,2,2,,,2020,Spring,1,5,Winter DH Germination
969,BBBdormSRLine,SR,Full,C,853,4,16,11,1,0,0,2,2,,,2020,Spring,1,5,Winter DH Germination
970,BBBdormSRLine,SR,Full,C,853,5,22,6,0,0,0,2,2,,,2020,Spring,1,5,Winter DH Germination
966,BBBdormSRLine,SR,Full,C,853,1,22,5,0,0,0,3,3,,,2020,Spring,1,5,Winter DH Germination
