"","SNP","Chromosome","Position","year_GE_2020_TP1","year_GI_2020_TP1","year_GE_2020_TP2","year_GI_2020_TP2","year_GE_2020_TP3","year_GI_2020_TP3","year_GE_2020_TP4","year_GI_2020_TP4","year_GE_2020_TP5","year_GI_2020_TP5","year_GE_2021_TP1","year_GI_2021_TP1","year_GE_2021_TP1.5","year_GI_2021_TP1.5","year_GE_2021_TP2","year_GI_2021_TP2","year_GE_2021_TP2.5","year_GI_2021_TP2.5","year_GE_2021_TP3","year_GI_2021_TP3","year_GE_2021_TP3.5","year_GI_2021_TP3.5","year_GE_2021_TP4","year_GI_2021_TP4","year_GE_2021_TP5","year_GI_2021_TP5","year_GE_2020/2021_TP1","year_GI_2020/2021_TP1","year_GE_2020/2021_TP1.5","year_GI_2020/2021_TP1.5","year_GE_2020/2021_TP2","year_GI_2020/2021_TP2","year_GE_2020/2021_TP2.5","year_GI_2020/2021_TP2.5","year_GE_2020/2021_TP3","year_GI_2020/2021_TP3","year_GE_2020/2021_TP3.5","year_GI_2020/2021_TP3.5","year_GE_2020/2021_TP4","year_GI_2020/2021_TP4","year_GE_2020/2021_TP5","year_GI_2020/2021_TP5","TP_GE_2020_TP1","TP_GI_2020_TP1","TP_GE_2020_TP2","TP_GI_2020_TP2","TP_GE_2020_TP3","TP_GI_2020_TP3","TP_GE_2020_TP4","TP_GI_2020_TP4","TP_GE_2020_TP5","TP_GI_2020_TP5","TP_GE_2021_TP1","TP_GI_2021_TP1","TP_GE_2021_TP1.5","TP_GI_2021_TP1.5","TP_GE_2021_TP2","TP_GI_2021_TP2","TP_GE_2021_TP2.5","TP_GI_2021_TP2.5","TP_GE_2021_TP3","TP_GI_2021_TP3","TP_GE_2021_TP3.5","TP_GI_2021_TP3.5","TP_GE_2021_TP4","TP_GI_2021_TP4","TP_GE_2021_TP5","TP_GI_2021_TP5","TP_GE_2020/2021_TP1","TP_GI_2020/2021_TP1","TP_GE_2020/2021_TP1.5","TP_GI_2020/2021_TP1.5","TP_GE_2020/2021_TP2","TP_GI_2020/2021_TP2","TP_GE_2020/2021_TP2.5","TP_GI_2020/2021_TP2.5","TP_GE_2020/2021_TP3","TP_GI_2020/2021_TP3","TP_GE_2020/2021_TP3.5","TP_GI_2020/2021_TP3.5","TP_GE_2020/2021_TP4","TP_GI_2020/2021_TP4","TP_GE_2020/2021_TP5","TP_GI_2020/2021_TP5","trait_GE_2020_TP1","trait_GI_2020_TP1","trait_GE_2020_TP2","trait_GI_2020_TP2","trait_GE_2020_TP3","trait_GI_2020_TP3","trait_GE_2020_TP4","trait_GI_2020_TP4","trait_GE_2020_TP5","trait_GI_2020_TP5","trait_GE_2021_TP1","trait_GI_2021_TP1","trait_GE_2021_TP1.5","trait_GI_2021_TP1.5","trait_GE_2021_TP2","trait_GI_2021_TP2","trait_GE_2021_TP2.5","trait_GI_2021_TP2.5","trait_GE_2021_TP3","trait_GI_2021_TP3","trait_GE_2021_TP3.5","trait_GI_2021_TP3.5","trait_GE_2021_TP4","trait_GI_2021_TP4","trait_GE_2021_TP5","trait_GI_2021_TP5","trait_GE_2020/2021_TP1","trait_GI_2020/2021_TP1","trait_GE_2020/2021_TP1.5","trait_GI_2020/2021_TP1.5","trait_GE_2020/2021_TP2","trait_GI_2020/2021_TP2","trait_GE_2020/2021_TP2.5","trait_GI_2020/2021_TP2.5","trait_GE_2020/2021_TP3","trait_GI_2020/2021_TP3","trait_GE_2020/2021_TP3.5","trait_GI_2020/2021_TP3.5","trait_GE_2020/2021_TP4","trait_GI_2020/2021_TP4","trait_GE_2020/2021_TP5","trait_GI_2020/2021_TP5"
"1","JHI-Hv50k-2016-507370",7,611934447,"2020","2020","2020","2020","2020","2020","2020","2020",NA,NA,NA,NA,NA,NA,NA,NA,"2021",NA,"2021",NA,"2021","2021",NA,NA,NA,NA,"2020/2021","2020/2021",NA,NA,"2020/2021","2020/2021","2020/2021",NA,"2020/2021","2020/2021","2020/2021","2020/2021",NA,"2020/2021",NA,NA,"TP1","TP1","TP2","TP2","TP3","TP3","TP4","TP4",NA,NA,NA,NA,NA,NA,NA,NA,"TP2.5",NA,"TP3",NA,"TP3.5","TP3.5",NA,NA,NA,NA,"TP1","TP1",NA,NA,"TP2","TP2","TP2.5",NA,"TP3","TP3","TP3.5","TP3.5",NA,"TP4",NA,NA,"GE","GI","GE","GI","GE","GI","GE","GI",NA,NA,NA,NA,NA,NA,NA,NA,"GE",NA,"GE",NA,"GE","GI",NA,NA,NA,NA,"GE","GI",NA,NA,"GE","GI","GE",NA,"GE","GI","GE","GI",NA,"GI",NA,NA
"2","Qsd1",5,442160000,"2020",NA,"2020","2020","2020","2020","2020","2020","2020","2020","2021","2021","2021","2021","2021","2021","2021","2021","2021","2021","2021","2021","2021","2021","2021","2021","2020/2021","2020/2021","2020/2021","2020/2021","2020/2021","2020/2021","2020/2021","2020/2021","2020/2021","2020/2021","2020/2021","2020/2021","2020/2021","2020/2021","2020/2021","2020/2021","TP1",NA,"TP2","TP2","TP3","TP3","TP4","TP4","TP5","TP5","TP1","TP1","TP1.5","TP1.5","TP2","TP2","TP2.5","TP2.5","TP3","TP3","TP3.5","TP3.5","TP4","TP4","TP5","TP5","TP1","TP1","TP1.5","TP1.5","TP2","TP2","TP2.5","TP2.5","TP3","TP3","TP3.5","TP3.5","TP4","TP4","TP5","TP5","GE",NA,"GE","GI","GE","GI","GE","GI","GE","GI","GE","GI","GE","GI","GE","GI","GE","GI","GE","GI","GE","GI","GE","GI","GE","GI","GE","GI","GE","GI","GE","GI","GE","GI","GE","GI","GE","GI","GE","GI","GE","GI"
"3","JHI-Hv50k-2016-59425",2,1081341,"2020","2020",NA,"2020",NA,NA,NA,"2020",NA,NA,"2021",NA,"2021",NA,"2021","2021","2021","2021","2021","2021",NA,"2021",NA,"2021",NA,"2021","2020/2021","2020/2021","2020/2021",NA,NA,"2020/2021","2020/2021","2020/2021",NA,"2020/2021",NA,"2020/2021",NA,"2020/2021",NA,"2020/2021","TP1","TP1",NA,"TP2",NA,NA,NA,"TP4",NA,NA,"TP1",NA,"TP1.5",NA,"TP2","TP2","TP2.5","TP2.5","TP3","TP3",NA,"TP3.5",NA,"TP4",NA,"TP5","TP1","TP1","TP1.5",NA,NA,"TP2","TP2.5","TP2.5",NA,"TP3",NA,"TP3.5",NA,"TP4",NA,"TP5","GE","GI",NA,"GI",NA,NA,NA,"GI",NA,NA,"GE",NA,"GE",NA,"GE","GI","GE","GI","GE","GI",NA,"GI",NA,"GI",NA,"GI","GE","GI","GE",NA,NA,"GI","GE","GI",NA,"GI",NA,"GI",NA,"GI",NA,"GI"
"4","JHI-Hv50k-2016-8002",1,6931684,"2020","2020","2020","2020","2020","2020",NA,"2020",NA,"2020","2021","2021","2021","2021","2021","2021","2021","2021","2021","2021","2021","2021","2021","2021","2021","2021","2020/2021","2020/2021","2020/2021","2020/2021","2020/2021","2020/2021","2020/2021","2020/2021","2020/2021","2020/2021","2020/2021","2020/2021","2020/2021","2020/2021","2020/2021","2020/2021","TP1","TP1","TP2","TP2","TP3","TP3",NA,"TP4",NA,"TP5","TP1","TP1","TP1.5","TP1.5","TP2","TP2","TP2.5","TP2.5","TP3","TP3","TP3.5","TP3.5","TP4","TP4","TP5","TP5","TP1","TP1","TP1.5","TP1.5","TP2","TP2","TP2.5","TP2.5","TP3","TP3","TP3.5","TP3.5","TP4","TP4","TP5","TP5","GE","GI","GE","GI","GE","GI",NA,"GI",NA,"GI","GE","GI","GE","GI","GE","GI","GE","GI","GE","GI","GE","GI","GE","GI","GE","GI","GE","GI","GE","GI","GE","GI","GE","GI","GE","GI","GE","GI","GE","GI","GE","GI"
"5","JHI-Hv50k-2016-165725",3,66720210,"2020","2020",NA,"2020",NA,NA,NA,NA,NA,NA,"2021","2021","2021",NA,"2021","2021","2021","2021","2021",NA,NA,NA,NA,NA,NA,NA,"2020/2021","2020/2021","2020/2021",NA,"2020/2021",NA,"2020/2021","2020/2021",NA,"2020/2021",NA,NA,NA,NA,NA,"2020/2021","TP1","TP1",NA,"TP2",NA,NA,NA,NA,NA,NA,"TP1","TP1","TP1.5",NA,"TP2","TP2","TP2.5","TP2.5","TP3",NA,NA,NA,NA,NA,NA,NA,"TP1","TP1","TP1.5",NA,"TP2",NA,"TP2.5","TP2.5",NA,"TP3",NA,NA,NA,NA,NA,"TP5","GE","GI",NA,"GI",NA,NA,NA,NA,NA,NA,"GE","GI","GE",NA,"GE","GI","GE","GI","GE",NA,NA,NA,NA,NA,NA,NA,"GE","GI","GE",NA,"GE",NA,"GE","GI",NA,"GI",NA,NA,NA,NA,NA,"GI"
"6","JHI-Hv50k-2016-311700",5,475995048,NA,"2020",NA,NA,NA,NA,NA,"2020",NA,"2020","2021","2021",NA,NA,NA,NA,NA,NA,NA,NA,NA,NA,NA,NA,NA,"2021","2020/2021","2020/2021",NA,NA,NA,NA,NA,NA,NA,NA,NA,NA,NA,"2020/2021",NA,"2020/2021",NA,"TP1",NA,NA,NA,NA,NA,"TP4",NA,"TP5","TP1","TP1",NA,NA,NA,NA,NA,NA,NA,NA,NA,NA,NA,NA,NA,"TP5","TP1","TP1",NA,NA,NA,NA,NA,NA,NA,NA,NA,NA,NA,"TP4",NA,"TP5",NA,"GI",NA,NA,NA,NA,NA,"GI",NA,"GI","GE","GI",NA,NA,NA,NA,NA,NA,NA,NA,NA,NA,NA,NA,NA,"GI","GE","GI",NA,NA,NA,NA,NA,NA,NA,NA,NA,NA,NA,"GI",NA,"GI"
"7","JHI-Hv50k-2016-276836",4,622826452,NA,NA,"2020","2020",NA,"2020",NA,"2020",NA,"2020",NA,"2021","2021","2021","2021","2021","2021","2021","2021","2021","2021","2021","2021","2021","2021","2021","2020/2021","2020/2021","2020/2021","2020/2021","2020/2021","2020/2021","2020/2021","2020/2021",NA,"2020/2021","2020/2021","2020/2021","2020/2021","2020/2021",NA,"2020/2021",NA,NA,"TP2","TP2",NA,"TP3",NA,"TP4",NA,"TP5",NA,"TP1","TP1.5","TP1.5","TP2","TP2","TP2.5","TP2.5","TP3","TP3","TP3.5","TP3.5","TP4","TP4","TP5","TP5","TP1","TP1","TP1.5","TP1.5","TP2","TP2","TP2.5","TP2.5",NA,"TP3","TP3.5","TP3.5","TP4","TP4",NA,"TP5",NA,NA,"GE","GI",NA,"GI",NA,"GI",NA,"GI",NA,"GI","GE","GI","GE","GI","GE","GI","GE","GI","GE","GI","GE","GI","GE","GI","GE","GI","GE","GI","GE","GI","GE","GI",NA,"GI","GE","GI","GE","GI",NA,"GI"
"8","JHI-Hv50k-2016-101167",2,548130727,NA,NA,NA,NA,NA,NA,"2020",NA,"2020",NA,"2021","2021",NA,NA,NA,NA,"2021","2021",NA,"2021","2021","2021",NA,"2021",NA,NA,"2020/2021","2020/2021",NA,NA,NA,"2020/2021","2020/2021","2020/2021",NA,NA,"2020/2021","2020/2021","2020/2021","2020/2021","2020/2021",NA,NA,NA,NA,NA,NA,NA,"TP4",NA,"TP5",NA,"TP1","TP1",NA,NA,NA,NA,"TP2.5","TP2.5",NA,"TP3","TP3.5","TP3.5",NA,"TP4",NA,NA,"TP1","TP1",NA,NA,NA,"TP2","TP2.5","TP2.5",NA,NA,"TP3.5","TP3.5","TP4","TP4","TP5",NA,NA,NA,NA,NA,NA,NA,"GE",NA,"GE",NA,"GE","GI",NA,NA,NA,NA,"GE","GI",NA,"GI","GE","GI",NA,"GI",NA,NA,"GE","GI",NA,NA,NA,"GI","GE","GI",NA,NA,"GE","GI","GE","GI","GE",NA
"9","JHI-Hv50k-2016-337656",5,540818357,NA,NA,NA,NA,NA,NA,"2020","2020","2020",NA,"2021","2021",NA,"2021",NA,NA,NA,NA,"2021","2021","2021",NA,NA,NA,NA,NA,"2020/2021","2020/2021",NA,"2020/2021",NA,NA,NA,NA,NA,NA,"2020/2021",NA,NA,NA,"2020/2021",NA,NA,NA,NA,NA,NA,NA,"TP4","TP4","TP5",NA,"TP1","TP1",NA,"TP1.5",NA,NA,NA,NA,"TP3","TP3","TP3.5",NA,NA,NA,NA,NA,"TP1","TP1",NA,"TP1.5",NA,NA,NA,NA,NA,NA,"TP3.5",NA,NA,NA,"TP5",NA,NA,NA,NA,NA,NA,NA,"GE","GI","GE",NA,"GE","GI",NA,"GI",NA,NA,NA,NA,"GE","GI","GE",NA,NA,NA,NA,NA,"GE","GI",NA,"GI",NA,NA,NA,NA,NA,NA,"GE",NA,NA,NA,"GE",NA
"10","JHI-Hv50k-2016-228126",4,5948962,NA,NA,NA,NA,NA,NA,NA,"2020",NA,"2020",NA,NA,NA,NA,"2021","2021","2021","2021","2021","2021","2021","2021",NA,NA,NA,NA,NA,NA,NA,NA,NA,NA,"2020/2021","2020/2021","2020/2021","2020/2021","2020/2021","2020/2021",NA,"2020/2021",NA,NA,NA,NA,NA,NA,NA,NA,NA,"TP4",NA,"TP5",NA,NA,NA,NA,"TP2","TP2","TP2.5","TP2.5","TP3","TP3","TP3.5","TP3.5",NA,NA,NA,NA,NA,NA,NA,NA,NA,NA,"TP2.5","TP2.5","TP3","TP3","TP3.5","TP3.5",NA,"TP4",NA,NA,NA,NA,NA,NA,NA,NA,NA,"GI",NA,"GI",NA,NA,NA,NA,"GE","GI","GE","GI","GE","GI","GE","GI",NA,NA,NA,NA,NA,NA,NA,NA,NA,NA,"GE","GI","GE","GI","GE","GI",NA,"GI",NA,NA
